id,title,thumbnail,description,publishedAt
UC-hM6YJuNYVAmUWxeIr9FeA,Miko Ch. ã•ãã‚‰ã¿ã“,https://yt3.ggpht.com/ytc/AKedOLR4HgNRKHFFp8B_r3Tex0UA3a81s_2Rb9TkVf12BA=s800-c-k-c0x00ffffff-no-rj,"ã«ã‚ƒã£ã¯ã‚ï½ï¼
ãƒ›ãƒ­ãƒ©ã‚¤ãƒ–æ‰€å±ã®ã‚¨ãƒªãƒ¼ãƒˆå·«å¥³ã‚¢ã‚¤ãƒ‰ãƒ« ã•ãã‚‰ã¿ã“ (Sakura Miko)ã ã«ã‡ğŸ±ğŸŒ¸

â€â”ˆâ”ˆâ”ˆâ”ˆâ”ˆâ”ˆâ”ˆâ”ˆâ”ˆâ”ˆâ”ˆâ”ˆâ”ˆâ”ˆâ”ˆâ”ˆâ”ˆâ”ˆâ”ˆâ”ˆâ”ˆâ”ˆâ”ˆâ”ˆâ”ˆâ€

ğŸŒ¸ YouTube ğŸŒ¸
ã€€https://goo.gl/ZqJn7A  

ğŸŒ¸ Twitter ğŸŒ¸
ã€€https://twitter.com/sakuramiko35

ğŸŒ¸ Twitch ğŸŒ¸
ã€€https://www.twitch.tv/sakuramiko_hololive

â–¶Member Ship 
ã€€https://www.youtube.com/channel/UC-hM6YJuNYVAmUWxeIr9FeA/join

â€â”ˆâ”ˆâ”ˆâ”ˆâ”ˆâ”ˆâ”ˆâ”ˆâ”ˆâ”ˆâ”ˆâ”ˆâ”ˆâ”ˆâ”ˆâ”ˆâ”ˆâ”ˆâ”ˆâ”ˆâ”ˆâ”ˆâ”ˆâ”ˆâ”ˆâ€

NyaHello, I'm Sakura Miko. Nice to meet u!
Welcome to Miko channel â˜†
I'm a Virtual Elite Miko.
Please subscribe to my channel! â™¡
Thank you for Watching âœ¨

â€â”ˆâ”ˆâ”ˆâ”ˆâ”ˆâ”ˆâ”ˆâ”ˆâ”ˆâ”ˆâ”ˆâ”ˆâ”ˆâ”ˆâ”ˆâ”ˆâ”ˆâ”ˆâ”ˆâ”ˆâ”ˆâ”ˆâ”ˆâ”ˆâ”ˆâ€

 âœ‰ã€€ãŠæ‰‹ç´™ã‚„ãƒ—ãƒ¬ã‚¼ãƒ³ãƒˆã®å¥‰ç´å…ˆ

ã€’173-0003
æ±äº¬éƒ½æ¿æ©‹åŒºåŠ è³€1ä¸ç›®6ç•ª1å·
ãƒãƒƒãƒˆãƒ‡ãƒæ–°æ¿æ©‹ã€€
ã‚«ãƒãƒ¼æ ªå¼ä¼šç¤¾ã€€ãƒ›ãƒ­ãƒ©ã‚¤ãƒ– ã€€ãƒ—ãƒ¬ã‚¼ãƒ³ãƒˆä¿‚åˆ† ã•ãã‚‰ã¿ã“å®›

è©³ç´°ãƒ»å•ã„åˆã‚ã›
https://www.hololive.tv/contact",2018-04-25 02:45:48
UC0TXe_LYZ4scaW2XMyi5_kw,AZKi Channel,https://yt3.ggpht.com/ytc/AKedOLRQRw-0zclxstcQV7QI-5AKt8YwC-MbWRvX8MYXqA=s800-c-k-c0x00ffffff-no-rj,"AZKiã§ã™ã€‚éŸ³æ¥½ã‚’é€šã—ã¦ä¸€äººä¸€äººã¨ç¹‹ãŒã£ã¦
ä¸€ç·’ã«ä¸–ç•Œã‚’å‰µã£ã¦è¡ŒããŸãã¦è»¢ç”Ÿã—ã¾ã—ãŸã€‚

ãƒãƒ£ãƒ³ãƒãƒ«ç™»éŒ²ã‚„ã€å‹•ç”»ã‚„ç”Ÿæ”¾é€ã§
ã„ã£ã±ã„ã‚³ãƒ¡ãƒ³ãƒˆã—ã¦ãã‚Œã‚‹ã¨å¬‰ã—ã„ã§ã™ï¼

ã‚¿ã‚° #AZKi
ãƒ•ã‚¡ãƒ³ã‚¢ãƒ¼ãƒˆ #AZKiART
ãƒ•ã‚¡ãƒ³ã®åå‰ #é–‹æ‹“è€…

---------------------------------------------

â– Twitterâ– 
https://twitter.com/AZKi_VDiVA

â– Youtubeâ– 
http://ur0.work/Nu8M

â– YouTube Membershipâ– 
https://ux.nu/QX1jG

â– Official HPâ– 
http://azki-official.com/

â– å…¬å¼ã‚¹ãƒˆã‚¢(Official Online Store)â– 
https://store.azki-official.com/

â– ã‚«ãƒãƒ¼æ ªå¼ä¼šç¤¾â– 
http://cover-corp.com/

---------------------------------------------",2018-11-05 12:16:27
UC1CfXB_kRs3C-zaeTG3oGyg,HAACHAMA Ch èµ¤äº•ã¯ã‚ã¨,https://yt3.ggpht.com/rNj6bichsOoUjA2N9iXWxInEt9Y2Fo5fhG4S8oR17ip8ouCu_7wmX3PnQxt6OP6Rd9OlYXYcmw=s800-c-k-c0x00ffffff-no-rj,"ã¯ã‚ã¡ã‚ƒã¾ã£ã¡ã‚ƒã¾ï½ï¼HAACHAMACHAMA~~~!!!
ãƒ¯ãƒ¼ãƒ«ãƒ‰ãƒ¯ã‚¤ãƒ‰ãªæœ€å¼·ã‚¢ã‚¤ãƒ‰ãƒ«ï¼
ã¯ã‚ã¡ã‚ƒã¾ã“ã¨èµ¤äº•ã¯ã‚ã¨ã§ã™ï¼
Twitterâ¡https://twitter.com/akaihaato",2018-05-24 03:02:52
UC1DCedRgGHBdm81E1llLhOQ,Pekora Ch. å…ç”°ãºã“ã‚‰,https://yt3.ggpht.com/ytc/AKedOLQQK7jpsudTTDO1JA4mnwyUCCDY5YSzxQrmNEeb7Q=s800-c-k-c0x00ffffff-no-rj,"ã“ã‚“ãºã“ï¼ã“ã‚“ãºã“ï¼ã“ã‚“ãºã“ãƒ¼ï¼
ãƒ›ãƒ­ãƒ©ã‚¤ãƒ–3æœŸç”Ÿã®å…ç”°ãºã“ã‚‰ï¼ˆUsada Pekora)ãºã“ğŸ‘¯â€â™€ï¸

â‹ˆ ---------------------------------------------------------------------------- â‹ˆ

ğŸ¥• Twitter ğŸ¥•
https://twitter.com/usadapekora

ğŸ¥• youtube ğŸ¥•
https://www.youtube.com/channel/UC1DC...

ğŸ¥• ãƒãƒƒã‚·ãƒ¥ã‚¿ã‚° ğŸ¥•
ã‚¤ãƒ©ã‚¹ãƒˆï¼š#ãºã“ã‚‰ãƒ¼ã¨
ç”Ÿæ”¾é€é–¢é€£ï¼š#ãºã“ã‚‰ã„ã¶
ãƒ•ã‚¡ãƒ³ãƒãƒ¼ãƒ ï¼š#é‡ã†ã•ãåŒç›Ÿ

â‹ˆ ---------------------------------------------------------------------------- â‹ˆ

ğŸ¥• ãºã“ã‚‰ã¸ã®ãŠæ‰‹ç´™ã‚„ãƒ—ãƒ¬ã‚¼ãƒ³ãƒˆ ã¯ã“ã¡ã‚‰ ğŸ¥•

ã€’173-0003
æ±äº¬éƒ½æ¿æ©‹åŒºåŠ è³€1ä¸ç›®6ç•ª1å·
ãƒãƒƒãƒˆãƒ‡ãƒæ–°æ¿æ©‹
ã‚«ãƒãƒ¼æ ªå¼ä¼šç¤¾ ãƒ›ãƒ­ãƒ©ã‚¤ãƒ– ãƒ—ãƒ¬ã‚¼ãƒ³ãƒˆä¿‚åˆ†
å…ç”°ãºã“ã‚‰å®›ã¾ã§

âˆ‡ï¼ˆãƒ—ãƒ¬ã‚¼ãƒ³ãƒˆã™ã‚‹ã¨ãã®ãŠç´„æŸï¼‰âˆ‡
â€» https://www.hololive.tv/contact",2019-07-03 06:28:25
UC1opHUrw8rvnsadT-iGp7Cg,Aqua Ch. æ¹Šã‚ãã‚,https://yt3.ggpht.com/ytc/AKedOLT8eMK0R-4YoVFyKUt3r6jqZA4uq9cHf1hyVv-Oyg=s800-c-k-c0x00ffffff-no-rj,"Î¶*(ãƒ»ãƒ®ãƒ»)*Î¶ï¼œã¿ãªã•ã‚“ã©ã†ã‚‚ã“ã‚“ã‚ãã‚ï½ï¼
ãƒ›ãƒ­ãƒ©ã‚¤ãƒ–æ‰€å±ã™ãƒ¼ã±ãƒ¼ã‚ã„ã©ã‚‹ã‚²ãƒ¼ãƒãƒ¼ãƒ¡ã‚¤ãƒ‰ã®æ¹Šã‚ãã‚ã§ã™ï¼
æ­Œã£ãŸã‚Šã‚²ãƒ¼ãƒ ã™ã‚‹ã“ã¨ãŒå¤§å¥½ãã§ã™ï¼ãƒãƒ£ãƒ³ãƒãƒ«ç™»éŒ²ã—ã¦ã­ï½ï½ï½ï¼

Î¶*(ãƒ»ãƒ®ãƒ»)*Î¶ï¼œkonaqua~!!
I'm Minato Aqua.
I love the game & singing. Super Idol Gamer Maidâ™¥
Nice to meet you!!",2018-08-01 06:38:45
UC1suqwovbL1kzsoaZgFZLKg,Choco Ch. ç™’æœˆã¡ã‚‡ã“,https://yt3.ggpht.com/ytc/AKedOLQQWlPXEl3Yt1ISaGW7m1dVtuzJ5P0wBjSg5zG41g=s800-c-k-c0x00ffffff-no-rj,"æ–°äººVtuberã®é­”ç•Œå­¦æ ¡ã®ãƒãƒ¼ãƒãƒ£ãƒ«ä¿å¥åŒ»ç™’æœˆã¡ã‚‡ã“ï¼ˆã‚†ã¥ãã¡ã‚‡ã“ï¼‰ã¨ç”³ã—ã¾ã™ï¼ ãƒãƒ§ã‚³ã®ã‚ˆã†ãªç”˜ãã¨ã‚ã‘ã‚‹ã‚ˆã†ãªç™’ã—ã®ã²ã¨ã¨ãã‚’ã‚ãªãŸã« 
ãƒ•ã‚¡ãƒ³ã‚¢ãƒ¼ãƒˆã€ #ã—ã‚‡ã“ã‚‰ãƒ¼ã¨ã€‘â€»æã„ã¦é ‚ã„ãŸçµµã¯æ´»å‹•ã«ä½¿ç”¨ã•ã›ã¦é ‚ãã“ã¨ãŒã‚ã‚Šã¾ã™ã€‚ 
æ¯ä¸Šæ§˜ï¼š@shima_je",2018-08-20 05:41:58
UC1uv2Oq6kNxgATlCiez59hw,Towa Ch. å¸¸é—‡ãƒˆãƒ¯,https://yt3.ggpht.com/meRnxbRUm5yPSwq8Q5QpI5maFApm5QTGQV_LGblQFsoO0yAV4LI-nSZ70GYwMZ_tbfSa_O8MTCU=s800-c-k-c0x00ffffff-no-rj,"ãƒ›ãƒ­ãƒ©ã‚¤ãƒ–æ‰€å±ã€‚
 1äººå‰ã®æ‚ªé­”ã«ãªã‚‹ç‚ºã®ç¤¾ä¼šå‹‰å¼·ã¨ã—ã¦äººé–“ç•Œã«ã‚„ã£ã¦ããŸå°æ‚ªé­”ã€‚æœ¬æ¥å‹‰å¼·ã‚’ã—ãªãã‚ƒã„ã‘ãªã„ã¨ã“ã‚ã€ã‚²ãƒ¼ãƒ ã«å‡ºä¼šã£ã¦ã—ã¾ã„ã€å¤¢ä¸­ã«ãªã‚‹ã€‚é…ä¿¡ã¨ã„ã†äººé–“é”ã¨ã®ã‚³ãƒŸãƒ¥ãƒ‹ã‚±ãƒ¼ã‚·ãƒ§ãƒ³ãƒ„ãƒ¼ãƒ«ã‚’è¦‹ã¤ã‘ãã“ã§å‹‰å¼·ã‚’è©¦ã¿ã‚‹ã€‚",2019-12-04 09:06:17.685
UC3n5uGu18FoCy23ggWWp8tA,Nanashi Mumei Ch. hololive-EN,https://yt3.ggpht.com/owZmjfnG_SGVmfkl3eS7Lv47pGvIr2SrS36imh6O8i0H3Wy41fYKD26U7wnyRB627fXoq0aQ0Q=s800-c-k-c0x00ffffff-no-rj,"A member of the Council and the Guardian of ""Civilization,"" a concept crafted by mankind.
As a living embodiment of the sum of mankind's effortsâ€”the mark that humans have left on the worldâ€”she is far removed from her fellow members, as well as other lifeforms. Due to not being created by the Gods, she was free to choose her own appearance, and decided to make herself owl-like, after the bird that symbolizes wisdom.

She is gentle, wise, and an unbelievably hard worker. As a well-traveled vagabond, she is blessed with a wealth of knowledge of the world. She has seen, heard, and experienced so many things that she has forgotten most of them, one of them being her own name.

For some reason, she seems to project a rather pitiable aura. Perhaps this is in part thanks to the loneliness she has often felt in her perennial travels. That is what gave her the idea of making her own friend out of a material that was indispensable to the development of human civilization: paper.

",2021-07-26 15:45:01.163
UC5CwaMl1eIgY8h02uZw7u8A,Suisei Channel,https://yt3.ggpht.com/ytc/AKedOLT7D-JlLZGTq6Y95nLxeXG2B-7WMGpFXZ7Qa4iY5w=s800-c-k-c0x00ffffff-no-rj-mo,"ã‚¢ã‚¤ãƒ‰ãƒ«Vtuberã®æ˜Ÿè¡—ã™ã„ã›ã„ã§ã™ï¼
æ­Œã¨ãŠçµµã‹ãã¨ã‚¢ãƒ‹ãƒ¡ãŒå¤§å¥½ããªï¼‘ï¼˜æ­³ã§ã™â˜„â˜„

ç›®æŒ‡ã™ã¯ãƒãƒ¼ãƒãƒ£ãƒ«ãƒ©ã‚¤ãƒ–ï¼ï¼
ãœã£ãŸã„å¶ãˆã‚‹ã‹ã‚‰å¿œæ´ã‚ˆã‚ã—ãã­âœ¯

â–¼é…ä¿¡æƒ…å ±etcã¯Twitterã«ã¦ãƒã‚§ãƒƒã‚¯ï¼â–¼
https://twitter.com/suisei_hosimati",2018-03-18 08:32:39
UC6eWCld0KwmyHFbAqK3V-Rw,Koyori ch. åšè¡£ã“ã‚ˆã‚Š - holoX -,https://yt3.ggpht.com/WO7ItKNmy6tW_NQ82g8c1y74CZSw6GsSdynsE5s2csuEok2fHRrAaGcBV3JJO-2BxEOXXA8lvw=s800-c-k-c0x00ffffff-no-rj,"ã“ã‚“ã“ã‚ˆã€œï¼
ãƒ›ãƒ­ãƒ©ã‚¤ãƒ–æ‰€å±ã€ç§˜å¯†çµç¤¾holoXã®é ­è„³ğŸ§ª
åšè¡£ã“ã‚ˆã‚Šã ã‚ˆã€œ(á¡ â€¢Íˆ Â·Ì« â€¢Íˆ á¡)ï¾‰ï½¼ğŸ’•
åˆè¦‹å¤å‚é–¢ä¿‚ãªãã€ã¿ã‚“ãªã§æ¥½ã—ã‚ã‚‹ãƒãƒ£ãƒ³ãƒãƒ«ã‚’ä½œã£ã¦ã„ããŸã„ã§ã™ï¼
ãƒãƒ£ãƒ³ãƒãƒ«ç™»éŒ²ã€Twitterã®ãƒ•ã‚©ãƒ­ãƒ¼ã‚ˆã‚ã—ããŠé¡˜ã„ã—ã¾ã™ï¼âœ¨

Konkoyo~!! My name is Hakui Koyori!!
I'm Hololive member, The brains of the secret society holoX!!
I will create a channel that everyone can enjoy!
Subscribe to my channel and follow me on Twitter!

ãƒãƒï¼šã‚‚ã‚‚ã“å…ˆç”Ÿ @momoco_haru
ãƒ‘ãƒ‘ï¼šrariemonnå…ˆç”Ÿ @rariemonn765

ï¼Š â€¦ â¬¡ â€¦ ï¼Š â€¦ â¬¡ â€¦ï¼Š â€¦ â¬¡ â€¦ ï¼Š â€¦ â¬¡ â€¦ï¼Š â€¦ â¬¡ â€¦ ï¼Š

ã€€ğŸ¶ğŸ§ªãƒãƒƒã‚·ãƒ¥ã‚¿ã‚°ğŸ§ªğŸ¶
ã€€ã‚¤ãƒ©ã‚¹ãƒˆï¼š#ã“ã‚ˆã‚Šã™ã‘ã£ã¡
ã€€ç”Ÿæ”¾é€é–¢é€£ï¼š#ã“ã‚ˆã‚Šå®Ÿé¨“ä¸­
ã€€ãƒ•ã‚¡ãƒ³ãƒãƒ¼ãƒ ï¼šã“ã‚ˆã‚Šã®åŠ©æ‰‹ãã‚“

ï¼Š â€¦ â¬¡ â€¦ ï¼Š â€¦ â¬¡ â€¦ï¼Š â€¦ â¬¡ â€¦ ï¼Š â€¦ â¬¡ â€¦ï¼Š â€¦ â¬¡ â€¦ ï¼Š

ã€€ğŸ§ªãƒ¡ãƒ³ãƒãƒ¼ã‚·ãƒƒãƒ—ã¯ã˜ã¾ã‚Šã¾ã—ãŸâ£ğŸ§ª
ã€€ã‚³ãƒ¡ãƒ³ãƒˆã§ã‚¹ã‚¿ãƒ³ãƒ—ã‚’ä½¿ãˆãŸã‚Šã€ãƒ¡ãƒ³ãƒãƒ¼ã‚·ãƒƒãƒ—é™å®šé…ä¿¡ã‚„ã‚³ãƒŸãƒ¥ãƒ‹ãƒ†ã‚£é™å®šæŠ•ç¨¿ã‚’è¦‹ã‚Œã‚‹ã‚ˆï¼
ã€€â–¼ç™»éŒ²ã¯ã“ã“ã‹ã‚‰â–¼
ã€€https://www.youtube.com/channel/UC6eWCld0KwmyHFbAqK3V-Rw/join
ã€€ï¼ˆiPhoneã‚¢ãƒ—ãƒªã®äººã¯ãƒ–ãƒ©ã‚¦ã‚¶ã‹ã‚‰URLã‚’é–‹ãã¨ç™»éŒ²ã§ãã¾ã™ï¼‰

ï¼Š â€¦ â¬¡ â€¦ ï¼Š â€¦ â¬¡ â€¦ï¼Š â€¦ â¬¡ â€¦ ï¼Š â€¦ â¬¡ â€¦ï¼Š â€¦ â¬¡ â€¦ ï¼Š

ã€€ãŠæ‰‹ç´™ã¯ã“ã¡ã‚‰ğŸ’Œ

ã€€ã€’173-0003
ã€€æ±äº¬éƒ½æ¿æ©‹åŒºåŠ è³€1ä¸ç›®6ç•ª1å·ã€€
ã€€ãƒãƒƒãƒˆãƒ‡ãƒæ–°æ¿æ©‹
ã€€ã‚«ãƒãƒ¼æ ªå¼ä¼šç¤¾ ãƒ›ãƒ­ãƒ©ã‚¤ãƒ– ãƒ—ãƒ¬ã‚¼ãƒ³ãƒˆä¿‚åˆ†
ã€€åšè¡£ã“ã‚ˆã‚Šå®›

ã€€â€»ãŠç´„æŸã”ã¨â†’ https://www.hololive.tv/contact â€»

ï¼Š â€¦ â¬¡ â€¦ ï¼Š â€¦ â¬¡ â€¦ï¼Š â€¦ â¬¡ â€¦ ï¼Š â€¦ â¬¡ â€¦ï¼Š â€¦ â¬¡ â€¦ ï¼Š

Twitterã®å‡çµã€12/8ã«æº¶ã‘ã¾ã—ãŸï½ï¼ï¼ï¼13æ—¥é–“å‡ã£ã¦ãŸã‚ˆ(á¡ã£Â·Ì« â€¹ï½¡á¡)
ç„¡äº‹ã«ã“ã‚ˆã‚ŠãŒå…ƒæ°—ã«ãƒ„ã‚¤ãƒ¼ãƒˆã™ã‚‹å§¿ã‚’è¦‹ã‚‹ã“ã¨ãŒã§ãã‚‹ã®ã§ã€ãƒ•ã‚©ãƒ­ãƒ¼ã‚ˆã‚ã—ãã­ï½ï¼ï¼(á¡ â€¢Íˆ Â·Ì« â€¢Íˆ á¡)
",2021-09-12 03:04:25.579
UC727SQYUvx5pDDGQpTICNWg,Anya Melfissa Ch. hololive-ID,https://yt3.ggpht.com/ytc/AKedOLR0AplPQyxSjGhqMxJy7vAvXn-9hyaiXBoBE5vy=s800-c-k-c0x00ffffff-no-rj,"Pagi pagi pagi~ hololive Indonesia Generasi 2, Anya Melfissa disiniğŸ‚

[Support Anya]
https://sociabuzz.com/anyamelfissa/tribe
https://streamlabs.com/anyamelfissachhololive-id

[Twitter]
@anyamelfissa
[Instagram]
@anyamelfissa
[Facebook Page]
https://www.facebook.com/Anya-Melfissa-hololive-ID-108445434416298

[Uekura Sensei]
Uekura Eku
https://twitter.com/ekureea

ã€Official cover websiteã€‘
http://cover-corp.com/
ã€Official Youtube Channel hololive Indonesiaã€‘
https://www.youtube.com/channel/UCfrWoRGlawPQDQxxeIDRP0Q
ã€Official Twitter Hololive Indonesiaã€‘
https://twitter.com/hololive_Id
ã€Official Facebook Hololive Indonesiaã€‘
https://www.facebook.com/Hololive-Indonesia-108806367277672/
",2020-09-01 06:55:04.044
UC7fk0CB07ly8oSl0aqKkqFg,Nakiri Ayame Ch. ç™¾é¬¼ã‚ã‚„ã‚,https://yt3.ggpht.com/XDGhKwPZcT16Ppg2gQmLHEIYRhw9sY4rqG0HWbeCH68LHkhlVQrrFgxd5hWUuMb2nLfDOhu6=s800-c-k-c0x00ffffff-no-rj,ğŸ˜ˆãƒãƒ¼ãƒãƒ£ãƒ«é¬¼ç¥ğŸ˜ˆã®ç™¾é¬¼ã‚ã‚„ã‚ (ãªãã‚Š ã‚ã‚„ã‚)ã¨ã„ã†ãâœ¨å¼ç¥ã¨å…±ã«å¹½ä¸–ã‹ã‚‰ã‚„ã£ã¦ããŸï¼ å®Ÿã¯ç”Ÿå¾’ä¼šé•·ã‚‚ã‚„ã£ã¦ã„ãŸã‚Šâ€¦ è‰²ã€…ãªã“ã¨ã‚’æ”¾é€ã—ã¦ç¾ä¸–ã®çš†ã¨ä»²è‰¯ãã—ã¦ã„ã‘ãŸã‚‰ã„ã„ãªã¨æ€ã£ã¦ã„ã‚‹ï¼ã€€ğŸ’­æ¯ä¸Šï¼šã€@nana_kaguraaaã€‘,2018-08-11 22:44:31
UC8rcEBzJSleTkf_-agPM20g,IRyS Ch. hololive-EN,https://yt3.ggpht.com/oC30wBZ04ibFN7AQVHAjdUX-3nS-h4DDjJBYVlsKt0OF6t1CZwrgzWlr3rS6Q12kXrw3-mt9gg=s800-c-k-c0x00ffffff-no-rj,"IRyS, a half-demon, half-angel also known as a Nephilim, once brought hope to â€œThe Paradiseâ€ during the ancient age. 

Her full name is â–ˆâ–ˆâ–ˆâ–ˆâ–ˆâ–ˆâ–ˆ Irys. 
This current era, riddled with despair and desperation, has brought upon her second awakening. 
She has arrived to deliver hope, with her feelings put into her lyrics and songs, and determination in her voice.

Though she tends to retain her Nephilim form, she is still quite young within her race. With emotion and â€œother factors,â€ it is possible that her form may lean to either side. When that occurs, she bears a brief change in her appearance.

She does not speak of the events that preceded her second awakening. She faces ever forward, perhaps because she is Hope Incarnate, though no one knows for sure. Or could it be...

For Inquiries
Cover Corp: http://cover-corp.com/
Official Twitter: https://twitter.com/hololive_En
",2021-05-21 00:54:00.586
UCAWSyEs_Io8MtpY3m-zqILA,Nene Ch.æ¡ƒéˆ´ã­ã­,https://yt3.ggpht.com/bMBMxmB1YVDVazU-8KbB6JZqUHn4YzmFiQRWwEUHCeqm5REPW7HHQChC5xE6e36aqqnXgK4a=s800-c-k-c0x00ffffff-no-rj,"ãƒ›ãƒ­ãƒ©ã‚¤ãƒ–æ‰€å±ã€‚
ã‚¢ã‚¤ãƒ‰ãƒ«ã«ã‚ã“ãŒã‚Œã¦ã€ç•°ä¸–ç•Œã‹ã‚‰ã‚„ã£ã¦ããŸå¥³ã®å­ã€‚
æ­Œã£ã¦è¸Šã‚‹ã“ã¨ã¨é¤ƒå­ãŒå¤§å¥½ãã€‚ãŸãã•ã‚“ã®äººã«æ„›ã•ã‚Œã‚‹å­˜åœ¨ã«ãªã‚‹ã¹ãã€
æ—¥ã€…ç‰¹è¨“ä¸­ã€‚


ãŠå•ã„åˆã‚ã›
ã‚«ãƒãƒ¼æ ªå¼ä¼šç¤¾ï¼šhttp://cover-corp.com/ 
å…¬å¼Twitter:https://twitter.com/hololivetv",2020-04-15 10:20:06.836
UCAoy6rzhSf4ydcYjJw3WoVg,Airani Iofifteen Channel hololive-ID,https://yt3.ggpht.com/QhX_FZkasltk6_YoDX_PEGsTSku2vr6KwhxG54ghKE2MeKAf3kbuI8p8viy5TCvwpfisjI3Axw=s800-c-k-c0x00ffffff-no-rj,"Nyo! ğŸ¨

Iofi - Bukan Anak Alien biasa~ Multilingual Vtuber asal luar angkasa dan lagi kuliah jurusan DKV di Bumi 
Yoroyopiku! Jangan lupa nyalakan telepati kalian ya äººÂ´âˆ€ï½€)

ã€Support  & Jajanin Iofiã€‘
https://sociabuzz.com/airaniiofifteen/tribe
https://streamlabs.com/airaniiofifteenchannelhololive-id

ã€Twitterã€‘
Twitter â†’ @airaniiofifteen
https://twitter.com/airaniiofifteen 
ã€Instagramã€‘
https://www.instagram.com/airani_iofifteen/
ã€FBã€‘
https://www.facebook.com/airaniiofifteenholoID

ã€Mitsuki-MAMAã€‘
Yano Mitsuki (å¤œãƒã¿ã¤ã)
https://twitter.com/mituk1

ã€Official cover websiteã€‘
http://cover-corp.com/
ã€Official Twitter HoloIDã€‘
https://twitter.com/hololive_Id
ã€Official FB HoloIDã€‘
https://www.facebook.com/Hololive-Indonesia-108806367277672/

ã€HoloIDã€‘
Ayunda Risu (ã‚¢ãƒ¦ãƒ³ãƒ€ãƒ»ãƒªã‚¹)
https://www.youtube.com/channel/UCOyYb1c43VlX9rc_lT6NKQw
Moona Hoshinova (ãƒ ãƒ¼ãƒŠãƒ»ãƒ›ã‚·ãƒãƒ´ã‚¡)
https://www.youtube.com/channel/UCP0BspO_AMEe3aQqqpo89Dg
Airani Iofifteen (ã‚¢ã‚¤ãƒ©ãƒ‹ãƒ»ã‚¤ã‚ªãƒ•ã‚£ãƒ•ãƒ†ã‚£ãƒ¼ãƒ³)
https://www.youtube.com/channel/UCAoy6rzhSf4ydcYjJw3WoVg",2020-03-03 07:35:07.178
UCCzUftO8KOVkV4wQG1vkUvg,Marine Ch. å®é˜ãƒãƒªãƒ³,https://yt3.ggpht.com/ytc/AKedOLSM7GhkxA3mNjSi4SWV62Hq7PjM2epq2Br1xGsZDw=s800-c-k-c0x00ffffff-no-rj,"å®çŸ³ã€å®ã€ãŠé‡‘ãŒå¤§å¥½ãã§ã€æµ·è³Šã«ãªã£ã¦å®ã‚’æ¢ã™ã®ãŒå¤¢ã€‚
æµ·è³Šèˆ¹ã‚’è²·ã†ã®ãŒç›®æ¨™ã§ä»Šã¯é™¸ã§VTuberã‚’ã—ã¦ã„ã‚‹ã€‚
ï¼ˆã‚ˆã†ã™ã‚‹ã«ã¯ä»Šã¯ãŸã ã®æµ·è³Šã‚³ã‚¹ãƒ—ãƒ¬å¥³ï¼‰

ï½¡.ï½¡:+* ï¾Ÿ ã‚œï¾Ÿ *+:ï½¡.ï½¡:+* ï¾Ÿ ã‚œï¾Ÿ *+:ï½¡.ï½¡.ï½¡:+*ï¾Ÿ ã‚œï¾Ÿ *+:ï½¡.ï½¡:+*ï¾Ÿ ã‚œï¾Ÿ *+:ï½¡.ï½¡.ï½¡:+*+:ï½¡.ï½¡

ãƒ›ãƒ­ãƒ©ã‚¤ãƒ–ä¸‰æœŸç”Ÿã€€ãƒ›ãƒ­ãƒ©ã‚¤ãƒ–ãƒ•ã‚¡ãƒ³ã‚¿ã‚¸ãƒ¼ã€€Vtuberã®å®é˜ãƒãƒªãƒ³ã§ã™ã€‚

ğŸ´â€â˜ ï¸YoutubeğŸ´â€â˜ ï¸ãƒãƒ£ãƒ³ãƒãƒ«ç™»éŒ²ã—ã¦å®é˜æµ·è³Šå›£ã¸ã‚ˆã†ã“ãï¼
https://www.youtube.com/channel/UCCzUftO8KOVkV4wQG1vkUvg?view_as=subscriber

ğŸ´â€â˜ ï¸TwitterğŸ´â€â˜ ï¸ãƒ•ã‚©ãƒ­ãƒ¼ã™ã‚‹ã¨èˆ¹é•·ã«è©³ã—ããªã‚Šã¾ã™ã€‚
https://twitter.com/houshoumarine

ğŸ´â€â˜ ï¸pixivğŸ´â€â˜ ï¸èˆ¹é•·ã®æã„ãŸçµµãŒè¦‹ã‚‰ã‚Œã¾ã™ã€‚
https://www.pixiv.net/member.php?id=43505343

ğŸ´â€â˜ ï¸ã¾ã—ã‚…ã¾ã‚ğŸ´â€â˜ ï¸é€±ä¸€å›ã€å®šä¾‹ä¼šè­°ã§èª­ã¿ã¾ã™ã€‚
https://marshmallow-qa.com/houshoumarine?utm_medium=url_text&utm_source=promotion


ï½¡.ï½¡:+* ï¾Ÿ ã‚œï¾Ÿ *+:ï½¡.ï½¡:+* ï¾Ÿ ã‚œï¾Ÿ *+:ï½¡.ï½¡.ï½¡:+*ï¾Ÿ ã‚œï¾Ÿ *+:ï½¡.ï½¡:+*ï¾Ÿ ã‚œï¾Ÿ *+:ï½¡.ï½¡.ï½¡:+*+:ï½¡.ï½¡

ğŸ´â€â˜ ï¸ãƒãƒƒã‚·ãƒ¥ã‚¿ã‚°ğŸ´â€â˜ ï¸
ã‚¤ãƒ©ã‚¹ãƒˆï¼š#ãƒãƒªãƒ³ã®ãŠå®
ç”Ÿæ”¾é€é–¢é€£ï¼š#ãƒãƒªãƒ³èˆªæµ·è¨˜
ãƒ•ã‚¡ãƒ³ãƒãƒ¼ãƒ ï¼š#å®é˜ã®ä¸€å‘³
ã‚¯ã‚½ã‚³ãƒ©ï¼š#å®é˜æµ·è³Šå›£ã‚¯ã‚½ã‚³ãƒ©éƒ¨
ã‚»ãƒ³ã‚·ãƒ†ã‚£ãƒ–ã‚¢ãƒ¼ãƒˆï¼š#æ²ˆæ²¡å¾Œæ‚”æ—¥è¨˜

ï½¡.ï½¡:+* ï¾Ÿ ã‚œï¾Ÿ *+:ï½¡.ï½¡:+* ï¾Ÿ ã‚œï¾Ÿ *+:ï½¡.ï½¡.ï½¡:+*ï¾Ÿ ã‚œï¾Ÿ *+:ï½¡.ï½¡:+*ï¾Ÿ ã‚œï¾Ÿ *+:ï½¡.ï½¡.ï½¡:+*+:ï½¡.ï½¡

èˆ¹é•·ã¸ã®ãŠæ‰‹ç´™ã‚„ãƒ—ãƒ¬ã‚¼ãƒ³ãƒˆã¯ã“ã¡ã‚‰ã¸ğŸ¥º

ã€’173-0003
æ±äº¬éƒ½æ¿æ©‹åŒºåŠ è³€1ä¸ç›®6ç•ª1å·
ãƒãƒƒãƒˆãƒ‡ãƒæ–°æ¿æ©‹
ã‚«ãƒãƒ¼æ ªå¼ä¼šç¤¾ ãƒ›ãƒ­ãƒ©ã‚¤ãƒ– ãƒ—ãƒ¬ã‚¼ãƒ³ãƒˆä¿‚åˆ†
å®é˜ãƒãƒªãƒ³å®›ã¾ã§

â€»ãƒ—ãƒ¬ã‚¼ãƒ³ãƒˆã™ã‚‹ã¨ãã®ãŠç´„æŸãŒã‚ã‚‹ã‚ˆã†ã§ã™â€»
â†’ https://www.hololive.tv/contact

ï½¡.ï½¡:+* ï¾Ÿ ã‚œï¾Ÿ *+:ï½¡.ï½¡:+* ï¾Ÿ ã‚œï¾Ÿ *+:ï½¡.ï½¡.ï½¡:+*ï¾Ÿ ã‚œï¾Ÿ",2019-07-22 11:58:30
UCD8HOxPs4Xvsm8H0ZxXGiBw,Mel Channel å¤œç©ºãƒ¡ãƒ«ãƒãƒ£ãƒ³ãƒãƒ«,https://yt3.ggpht.com/lj909MK0P40YuGurbNswbYSywUkDi_7cwpLDzSzRb4R82VKopTGw_zERnZZeFPgrSC6_N6bKbDU=s800-c-k-c0x00ffffff-no-rj,"é­”ç•Œã®å¤©æ‰ãƒ´ã‚¡ãƒ³ãƒ‘ã‚¤ã‚¢ï¼
ãƒ›ãƒ­ãƒ©ã‚¤ãƒ–ï¼‘æœŸç”Ÿã®å¤œç©ºãƒ¡ãƒ«ã§ã™ğŸŒŸ

ãŠæ‰‹ç´™ãƒ»ãƒ—ãƒ¬ã‚¼ãƒ³ãƒˆã¯ã“ã¡ã‚‰ã¾ã§ğŸ
ã€’173-0003
æ±äº¬éƒ½æ¿æ©‹åŒºåŠ è³€1ä¸ç›®6ç•ª1å·
ãƒãƒƒãƒˆãƒ‡ãƒæ–°æ¿æ©‹
ã‚«ãƒãƒ¼æ ªå¼ä¼šç¤¾ ãƒ›ãƒ­ãƒ©ã‚¤ãƒ– ãƒ—ãƒ¬ã‚¼ãƒ³ãƒˆä¿‚åˆ†
å¤œç©ºãƒ¡ãƒ«å®›ã¾ã§

â€»ãƒ—ãƒ¬ã‚¼ãƒ³ãƒˆã®æ³¨æ„äº‹é …
â†’ https://www.hololive.tv/contact

ğŸ’ŒãŠå•ã„åˆã‚ã›
ã‚«ãƒãƒ¼æ ªå¼ä¼šç¤¾ï¼šhttp://cover-corp.com/ 
å…¬å¼Twitter:https://twitter.com/hololivetv
",2018-04-25 02:07:54
UCDqI2jOz0weumE8s7paEk6g,Roboco Ch. - ãƒ­ãƒœå­,https://yt3.ggpht.com/ytc/AKedOLT1nccfyEH7yPGHnNqO7C8Ak2jw3scnVdKfSnTe2g=s800-c-k-c0x00ffffff-no-rj,"åˆã‚ã¾ã—ã¦ã€‚ãƒ›ãƒ­ãƒ©ã‚¤ãƒ–æ‰€å±ã€ãƒãƒ¼ãƒãƒ£ãƒ«ãƒ­ãƒœãƒƒãƒˆYouTuberã®ã€Œãƒ­ãƒœå­ã•ã‚“ã€ã§ã™ã€‚
ãƒ¡ã‚¤ãƒ³æ´»å‹•ã¯ç”Ÿæ”¾é€ï¼ãŸã¾ã«å‹•ç”»ã‚‚æŠ•ç¨¿ã—ã¦ã„ã¾ã™ã€‚
å¿œæ´ãƒ»ç™»éŒ²ãƒ»è©•ä¾¡ã€å®œã—ããŠé¡˜ã„ã—ã¾ã™â™¡

Youtube ã€ https://t.co/9Tw5lajPeC ã€‘
twitter ã€ https://twitter.com/robocosan ã€‘


âš¡Twitter
æ¨ã—ãƒãƒ¼ã‚¯ã€€ã€ ğŸ¤– ã€‘
ãƒ•ã‚¡ãƒ³åã€€ã€€ã€ #ã‚ã¼ã•ãƒ¼  ã€‘
ãƒ•ã‚¡ãƒ³ã‚¢ãƒ¼ãƒˆã€ #ãƒ­ãƒœå­art  ã€‘
ç”Ÿæ”¾é€ã‚¿ã‚°ã€€ã€ #ãƒ­ãƒœå­ç”Ÿæ”¾é€  ã€‘

â€»twitterã§ã¯æ¨ã—äº‹ï¼ˆåå‰ãªã©ã«ãƒ•ã‚¡ãƒ³ã£ã¦åˆ†ã‹ã‚‹ã‚‚ã®ã‚„ï¼²ï¼´å”åŠ›ã‚’ã—ã¦ãã‚Œã‚‹æ–¹)
ã‚’ã—ã¦ãã‚Œã‚‹æ–¹ã‚’å®šæœŸçš„ã«ãƒ•ã‚©ãƒ­ãƒ¼ã—ã¦ãŠã‚Šã¾ã™ã€‚ãƒ•ã‚©ãƒ­ãƒ¼æ•´ç†ã‚‚ãŸã¾ã«ã—ã¦ã„ã‚‹ã®ã§ã”äº†æ‰¿ãã ã•ã„ï¼
ã¾ãŸã€DMã‚‚é–‹æ”¾ã—ã¦ã„ã‚‹ã®ã§ä¾é ¼ç­‰ã‚‚ãªã«ã‹ã”ã–ã„ã¾ã—ãŸã‚‰å®œã—ããŠé¡˜ã„ã—ã¾ã™ã€‚

âš¡ã‚¹ãƒãƒ³ã‚µãƒ¼ç‰¹å…¸
ãƒ»åå‰ã®æ¨ªã«ãƒãƒƒãƒã®ä»˜ä¸ğŸ”‹
ãƒ»å°‚ç”¨çµµæ–‡å­—ã®ä½¿ç”¨å¯èƒ½ğŸ”‹
ãƒ»youtubeã‚³ãƒŸãƒ¥ãƒ‹ãƒ†ã‚£ã«ã¦æœˆï¼‘é™å®šè¨˜å¿µå£ç´™ã‚„ã‚ªãƒ•ã‚·ãƒ§ãƒƒãƒˆãŒã¿ã‚Œã‚‹ã‚ˆğŸ”‹
â–¼ç™»éŒ²ã¯ã“ã¡ã‚‰â–¼
Youtube ã‹ã‚‰ãƒ¡ãƒ³ãƒãƒ¼ã«ãªã‚‹ãƒãƒã§ç™»éŒ²ã§ãã¾ã™ï¼

âš¡ã‚¹ãƒ¼ãƒ‘ãƒ¼ãƒãƒ£ãƒƒãƒˆã‚„å…¬å¼ã‚°ãƒƒã‚ºæ”¯æ´
ã‚¹ãƒ‘ãƒãƒ£ã¯ãŠè²¡å¸ƒã«ç„¡ç†ã®ãªã„ã‚ˆã†ã«å¿œæ´æ”¯æ´ã—ã¦ã„ãŸã ã‘ã‚Œã°å¬‰ã—ã„ã§ã™ï¼
BOOTHã§ãƒœã‚¤ã‚¹ã‚„å…¬å¼ã‚°ãƒƒã‚ºè²©å£²ä¸­ãªã®ã§ãœã²ã€ãƒã‚§ãƒƒã‚¯ã—ã¦ã¿ã¦ã­ğŸ’›
ã„ã¤ã‚‚å¿œæ´æ”¯æ´åŠ©ã‹ã£ã¦ã„ã¾ã™ã€‚ã‚ã‚ŠãŒã¨ã†ï¼
https://hololive.booth.pm/items/1181674


âš¡ç‰©ã§ã®ã”æ”¯æ´ã¯ã“ã¡ã‚‰ã¾ã§ãŠé¡˜ã„è‡´ã—ã¾ã™âœ¨âœ¨
ãƒ•ã‚¡ãƒ³ãƒ¬ã‚¿ãƒ¼ã€ãƒ—ãƒ¬ã‚¼ãƒ³ãƒˆï¼ˆå—ã‘å–ã‚Œãªã„ãƒ¢ãƒã‚‚ã‚ã‚‹ã®ã§æ³¨æ„ï¼ï¼‰
173-0003
æ±äº¬éƒ½æ¿æ©‹åŒºåŠ è³€1ä¸ç›®6ç•ª1å· ãƒãƒƒãƒˆãƒ‡ãƒæ–°æ¿æ©‹
ã‚«ãƒãƒ¼æ ªå¼ä¼šç¤¾ ãƒ›ãƒ­ãƒ©ã‚¤ãƒ– ãƒ—ãƒ¬ã‚¼ãƒ³ãƒˆä¿‚åˆ† ãƒ­ãƒœå­ã•ã‚“å®›
â–¼ãƒ—ãƒ¬ã‚¼ãƒ³ãƒˆè©³ç´°â–¼
https://www.hololive.tv/contact



ã€æ³¨æ„äº‹é …ã€‘
â€»éåº¦ãªç…½ã‚Šã‚³ãƒ¡ãƒ³ãƒˆã€èª¹è¬—ä¸­å‚·ã€è’ã‚‰ã—è¡Œç‚ºã€ãƒãƒŠãƒ¼ã®æ‚ªã„ã‚³ãƒ¡ãƒ³ãƒˆã¯ã‚„ã‚ã¦ãã ã•ã„ã€‚
ã€€ä¸Šè¨˜ã®ã“ã¨ãŒã‚ã¾ã‚Šã«ã²ã©ã‹ã£ãŸå ´åˆãƒ–ãƒ­ãƒƒã‚¯ã¨ã„ã†å‡¦ç½®ã‚’å–ã‚‰ã›ã¦ã„ãŸã ãã¾ã™ã€‚


 ã‚«ãƒãƒ¼æ ªå¼ä¼šç¤¾ï¼šhttp://cover-corp.com/
 ãƒ›ãƒ­ãƒ©ã‚¤ãƒ–ï¼šhttps://twitter.com/hololivetv",2018-02-08 00:59:18
UCENwRMx5Yh42zWpzURebzTw,Laplus ch. ãƒ©ãƒ—ãƒ©ã‚¹ãƒ»ãƒ€ãƒ¼ã‚¯ãƒã‚¹ - holoX -,https://yt3.ggpht.com/roGS60A8a_lDbVakIg1JU3u3hbtjHSTilMGHMizuPKh7tuoY2nl46raxuW2f_83IKFGMjL6Z=s800-c-k-c0x00ffffff-no-rj,"å¾è¼©ã ã

ï¹ï¹ï¹ï¹ï¹ï¹ï¹ï¹ï¹ï¹ï¹ï¹ï¹ï¹ï¹ï¹ï¹ï¹

ã‚¨ãƒ‡ãƒ³ã®æ˜Ÿã«ä½ã‚€äººé–“é”è«¸å›ï¼ğŸŒâœ¨
å¾è¼©ã¯ holoX ç·å¸¥ ãƒ©ãƒ—ãƒ©ã‚¹ãƒ»ãƒ€ãƒ¼ã‚¯ãƒã‚¹ã ï¼ÖŠ  Ì« ÖŠ
è²´æ§˜ã‚‰ã®ä½ã‚€æ˜Ÿã¯å¾è¼©ãŒæ‰‹ã«å…¥ã‚Œã‚‹ãï¼å¾è¼©ã‚’æ•¬ã†ã®ã ï½ï½ï½ï¼ï¼ï¼ï¼ï¼ï¼ğŸ’œ

The one who established Secret Society holoX.
She was originally known for her vast power and intelligence, but most of it is now sealed away. She is vaguely aware of the debilitating nature of her shackles but does not remember when or how they got there.
The crow by her side is a long-time companion.âœ¨

ï¹ï¹ï¹ï¹ï¹ï¹ï¹ï¹ï¹ï¹ï¹ï¹ï¹ï¹ï¹ï¹ï¹ï¹

ãƒ©ãƒ—ãƒ©ã‚¹ãƒ»ãƒ€ãƒ¼ã‚¯ãƒã‚¹ğŸ›¸ğŸ’œ

ğŸ›¸Twitter
â†’https://twitter.com/LaplusDarknesss
ğŸ’œyoutube
â†’https://www.youtube.com/channel/UCENwRMx5Yh42zWpzURebzTw

ğŸ””ã©ã¡ã‚‰ã‚‚é€šçŸ¥ã‚’ONã«ã—ã¦å¾è¼©ã®ã‚ã‚ŠãŒãŸã„ãŠè¨€è‘‰ã‚’ã„ã¡æ—©ããƒã‚§ãƒƒã‚¯ã™ã‚‹ã‚“ã ãï¼ÖŠ  Ì« ÖŠ


TAG #laplus_great
FATAG #Laplus_Artdesu


æ¨ã—ãƒãƒ¼ã‚¯ã€ŒğŸ›¸ğŸ’œã€
ãƒ•ã‚¡ãƒ³ãƒãƒ¼ãƒ  ã·ã‚‰ã™ã‚ã„ã¨
ï¹ï¹ï¹ï¹ï¹ï¹ï¹ï¹ï¹ï¹ï¹ï¹ï¹ï¹ï¹ï¹ï¹ï¹

BGMï¼šOsanzi
https://twitter.com/3_o_clocker

é…ä¿¡ç”»é¢ãƒ»ãƒ­ã‚´ï¼šã‚†ã†ãŸONE 
https://twitter.com/yuta_ptv

å¾…æ©Ÿç”»é¢ãƒ»OPå‹•ç”»ï¼šãƒ†ã‚¸ãƒ³
https://twitter.com/lilTegin

å¾…æ©Ÿç”»é¢ãƒ»OPã‚¤ãƒ©ã‚¹ãƒˆï¼šæœ±å®®ã‚ãšãš
https://twitter.com/b_sus4

ï¹ï¹ï¹ï¹ï¹ï¹ï¹ï¹ï¹ï¹ï¹ï¹ï¹ï¹ï¹ï¹ï¹ï¹

",2021-09-10 19:24:36.159
UCFKOVgVbGmX65RxO3EtH3iw,Lamy Ch. é›ªèŠ±ãƒ©ãƒŸã‚£,https://yt3.ggpht.com/ytc/AKedOLQVpWb-K93rLNGFHHyhgg45VE7FVBwJQz67JqJvvQ=s800-c-k-c0x00ffffff-no-rj,"ãƒ›ãƒ­ãƒ©ã‚¤ãƒ–æ‰€å±ã€‚
äººé‡Œé›¢ã‚ŒãŸç™½éŠ€ã®å¤§åœ°ã«ä½ã‚€ã€é›ªã®ä¸€æ—ã®ä»¤å¬¢ã€‚
ãƒ›ãƒ­ãƒ©ã‚¤ãƒ–ã®ç¬‘é¡”ã‚„å½©ã‚Šã‚ãµã‚Œã‚‹é…ä¿¡ã«å¿ƒã‚’æ‰“ãŸã‚Œã€
ãŠä¾›ã®ã ã„ãµãã¨å…±ã«å®¶ã‚’é£›ã³å‡ºã—ãŸã€‚
çœŸé¢ç›®ã ãŒä¸–é–“çŸ¥ã‚‰ãšã§æŠœã‘ãŸã¨ã“ã‚ãŒã‚ã‚‹ã€‚



ãŠå•ã„åˆã‚ã›
ã‚«ãƒãƒ¼æ ªå¼ä¼šç¤¾ï¼šhttp://cover-corp.com/ 
å…¬å¼Twitter:https://twitter.com/hololivetv",2020-04-13 03:51:15.59
UCFTLzh12_nrtzqBPsTCqenA,ã‚¢ã‚­ãƒ­ã‚¼Chã€‚Vtuber/ãƒ›ãƒ­ãƒ©ã‚¤ãƒ–æ‰€å±,https://yt3.ggpht.com/ytc/AKedOLS57LOo-VajYzEWa_OfnI8CuAgXTXCrXxwcINVqOg=s800-c-k-c0x00ffffff-no-rj,"ç•°ä¸–ç•Œã‹ã‚‰ã‚„ã£ã¦ããŸç™’ã—ç³»ãƒãƒ¼ãƒãƒ£ãƒ«å¥³å­é«˜ç”Ÿ
ä¸æ€è­°ãªåŠ›ã§æµ®ã„ã¦ã‚‹ãƒ„ã‚¤ãƒ³ãƒ†ãƒ¼ãƒ«ãŒç‰¹å¾´ã®ãƒãƒ¼ãƒ•ã‚¨ãƒ«ãƒ•

ã‚ªãƒªã‚¸ãƒŠãƒ«æ›²ã€€ã‚¨ãƒ«ãƒ•ã®æ•…éƒ·æ›²ã€Œã‚·ãƒ£ãƒ»ãƒ«ãƒ»ã‚¤ãƒ¼ã‚¹ã€
â–¶https://youtu.be/lI861CIVGgo

ï¼Šï¼Šï¼Šï¼Šï¼Šï¼Šï¼Šï¼Šï¼Šï¼Šï¼Šï¼Šï¼Šï¼Šï¼Šï¼Šï¼Šï¼Šï¼Š
ã‚¢ãƒ­ãƒ¼ãƒŠï¼ã®æŒ¨æ‹¶ã§ä¼šã„ã«æ¥ã¦ã­ï¼ï¼
ã¿ã‚“ãªã®å¿ƒã‚’ç™’ã—ã«ããŸã‚¢ã‚­ãƒ­ã‚¼ã§ã™ï¼
ã¿ã‚“ãªã¨ä¸€ç·’ã«è‰²ã‚“ãªä¸–ç•Œã‚’ã¿ã¦ã¿ãŸã„ï¼ï¼
ï¼Šï¼Šï¼Šï¼Šï¼Šï¼Šï¼Šï¼Šï¼Šï¼Šï¼Šï¼Šï¼Šï¼Šï¼Šï¼Šï¼Šï¼Šï¼Š
ã€twitterã€‘ 
https://twitter.com/akirosenthal

ã€è³ªå•ç®±ï¼ˆãƒã‚·ãƒ¥ãƒãƒ­ï¼‰ã€‘
http://goo.gl/QbEBPb 

ã€æ”¾é€ã‚¿ã‚°ã€‘
ç”Ÿæ”¾é€             #ã‚¢ã‚­ã³ã‚…ãƒ¼ã‚ãƒ¼ã‚‹ã©
ãƒ•ã‚¡ãƒ³ãƒˆãƒ¼ã‚¯ #ãƒ­ã‚¼éšŠ
ãƒ•ã‚¡ãƒ³ã‚¢ãƒ¼ãƒˆ #ã‚¢ãƒ­çµµ
ãƒªã‚¯ã‚¨ã‚¹ãƒˆç­‰ #ã‚¢ã‚­ãƒ­ã‚¼ã“ã‚“ã·ã‚Œã£ãã™

ï¼Šï¼Šï¼Šï¼Šï¼Šï¼Šï¼Šï¼Šï¼Šï¼Šï¼Šï¼Šï¼Šï¼Šï¼Šï¼Šï¼Šï¼Šï¼Š
ã€é…ä¿¡å…ˆã€‘ã‚ˆã‹ã£ãŸã‚‰ç™»éŒ²ã—ã¦ã­ï¼
â–ªãƒ„ã‚¤ã‚­ãƒ£ã‚¹        http://goo.gl/YWDvgm
â–ªMirrativ ã€€         http://goo.gl/bdKeE7 

ï¼Šï¼Šï¼Šï¼Šï¼Šï¼Šï¼Šï¼Šï¼Šï¼Šï¼Šï¼Šï¼Šï¼Šï¼Šï¼Šï¼Šï¼Šï¼Š

ã€ã”ä¾é ¼/ãŠå•ã„åˆã‚ã›ã¯ã‚³ãƒãƒ©ã€‘
ã‚«ãƒãƒ¼æ ªå¼ä¼šç¤¾ï¼šhttp://cover-corp.com/
 ãƒ›ãƒ­ãƒ©ã‚¤ãƒ–ï¼šhttps://twitter.com/hololivetv",2018-05-25 06:53:34
UCHsx4Hqa-1ORjQTh9TYDhww,Takanashi Kiara Ch. hololive-EN,https://yt3.ggpht.com/w7TKJYU7zmamFmf-WxfahCo_K7Bg2__Pk-CCBNnbewMG-77OZLqJO9MLvDAmH9nEkZH8OkWgSQ=s800-c-k-c0x00ffffff-no-rj,"An idol whose dream is to become a fast food shop owner. She is a phoenix, NOT a chicken or turkey. (Very important)
She works extremely hard since she will be reborn from ashes anyway.

For Inquiries
Cover Corp: http://cover-corp.com/
Official Twitter: https://twitter.com/hololive_En",2020-07-16 06:17:18.113
UCIBY1ollUsauvVi4hW4cumw,Chloe ch. æ²™èŠ±å‰ã‚¯ãƒ­ãƒ± - holoX -,https://yt3.ggpht.com/_xNtPLKQcQxMTnOr4tAcGz0GEeESsi0bQX9mJEP3fx_50a8GUfUyOG1eyLIld2cCz6GvKABwpQ=s800-c-k-c0x00ffffff-no-rj,"ç™»éŒ²ã—ãŸã‚‰å›ã‚‚ä»Šæ—¥ã‹ã‚‰é£¼è‚²å“¡ã•ã‚“â™¡


+++++++++++++++++++++++++++++++

ãƒã‚¸ãƒ©ãƒ–ï¼æ²™èŠ±å‰ï¼“ãƒ¶æ¡ï¼

ãƒ»åŒæ‹…é å·»ãï¼
ãƒ»è¿·æƒ‘è¡Œç‚ºçµ¶å¯¾ç¦æ­¢ï¼
ãƒ»æµ®æ°—ã¯ãŠæƒé™¤å¯¾è±¡ã§ã™ï¼

-------------------------------------------------

ã€ç‰¹é›†ã€‘æ²™èŠ±å‰ã‚¯ãƒ­ãƒ±ã®ç”Ÿæ…‹ç³»ï¼

ã€ç§˜å¯†çµç¤¾holoXã€‘ã®æƒé™¤å±‹(ã‚¤ãƒ³ã‚¿ãƒ¼ãƒ³ç”Ÿ)
å†·é™æ²ˆç€ã§æ·¡ã€…ã¨çµ„ç¹”ã‹ã‚‰ã®ä¾é ¼ã‚’ã“ãªã™ã€‚
éŸ³æ¥½ãŒå¥½ãã§ã€ã‚ˆãéŸ³æ¥½ã‚’è´ã„ã¦ã„ã‚‹ã€‚
æœ¬äººã¯å¦å®šã—ã¦ã„ã‚‹ãŒã€ãƒ„ãƒ³ãƒ‡ãƒ¬ã«è¦‹ã‚‰ã‚Œã‚‹ã‚‰ã—ã„ã€‚

èª•ç”Ÿæ—¥ã€€ï¼•æœˆï¼‘ï¼˜æ—¥ã€€èº«é•·ã€€ï¼‘ï¼”ï¼˜ã‚»ãƒ³ãƒ


An intern who acts as a fixer and cleaner for Secret Society holoX.
Calm and composed at all times, she carries out her orders without so much as batting an eyelid.
She loves music and can be found listening to it every chance she gets.
And while she denies it vehemently, she apparently tends to come across as guarded and not very upfront with her thoughts, only letting people get very occasional glimpses into how she really feels.


Birth day 5/18 ã€€I'm 148 cm
",2021-09-12 06:13:43.714
UCJFZiqLMntJufDCHc6bQixg,hololive ãƒ›ãƒ­ãƒ©ã‚¤ãƒ– - VTuber Group,https://yt3.ggpht.com/ytc/AKedOLShj3wK6CEmow693uwoMqS7yj09e3AvtdrIRsXHQw=s800-c-k-c0x00ffffff-no-rj,"English follows Japanese.

VTuberãƒ»ãƒãƒ¼ãƒãƒ£ãƒ«ã‚¢ã‚¤ãƒ‰ãƒ«ã‚°ãƒ«ãƒ¼ãƒ—ã€Œãƒ›ãƒ­ãƒ©ã‚¤ãƒ–ã€ã®å…¬å¼ãƒãƒ£ãƒ³ãƒãƒ«ã¸ã‚ˆã†ã“ãï¼
å„ã‚¿ãƒ¬ãƒ³ãƒˆãƒ»å…¬å¼ãƒãƒ£ãƒ³ãƒãƒ«ã®ãƒãƒ£ãƒ³ãƒãƒ«ç™»éŒ²ã‚’ã‚ˆã‚ã—ããŠé¡˜ã„ã—ã¾ã™ï¼

ãƒ›ãƒ­ãƒ©ã‚¤ãƒ–å…¬å¼ãƒãƒ£ãƒ³ãƒãƒ«ã§ã¯ã€3Dã‚·ãƒ§ãƒ¼ãƒˆã‚¢ãƒ‹ãƒ¡ã€#ãƒ›ãƒ­ãã‚‰ã€ã‚„å…¬å¼å‹•ç”»ã€æ‰€å±ã‚¿ãƒ¬ãƒ³ãƒˆã®ä¼ç”»æ”¾é€ã‚„ãƒ›ãƒ­ãƒ©ã‚¤ãƒ–ã®æœ€æ–°æƒ…å ±ã‚’ãŠå±Šã‘ã—ã¾ã™ã€‚ä»–ã€å„ã‚¿ãƒ¬ãƒ³ãƒˆã®å‹•ç”»ã‚’æ¨ªæ–­çš„ã«è¦–è´ã§ãã‚‹å†ç”Ÿãƒªã‚¹ãƒˆã‚‚å……å®Ÿã—ã¦ã„ã‚‹ã®ã§ã€æ˜¯éãŠæ¥½ã—ã¿ãã ã•ã„ã€‚

â–·Twitter
https://twitter.com/hololivetv

â–·Schedule
https://schedule.hololive.tv/

â–·Official HP
https://hololive.hololivepro.com/


Welcome to the official channel of the VTuber Virtual Idol Group ""hololive""!
Please feel free to subscribe to our official channel as well as the channels of our talents!

Within the hololive official channel, you'll find the 3D animation ""#holonoGraffiti"", group event streams, the latest info from hololive, and more!
We also have plenty of playlists where you can watch our talents' videos. Have fun!

If you translate our videos into your native language, we'd be grateful!
https://www.youtube.com/timedtext_cs_panel?c=UCJFZiqLMntJufDCHc6bQixg&tab=2",2016-03-03 09:13:00
UCK9V2B22uJYu3N7eR_BT9QA,Polka Ch. å°¾ä¸¸ãƒãƒ«ã‚«,https://yt3.ggpht.com/ytc/AKedOLSNfuszQyKT1RGn7SaYyefnhGiUZsTsWpmjWD9_vw=s800-c-k-c0x00ffffff-no-rj,"ãƒ›ãƒ­ãƒ©ã‚¤ãƒ–æ‰€å±5æœŸç”Ÿã®å°¾ä¸¸ãƒãƒ«ã‚«(Omaru Polka)ã§ãƒ¼ã™ï¼
ã‚‚ãµã‚‚ãµã®ãƒ•ã‚§ãƒãƒƒã‚¯(Fennec Fox)ã ã‚ˆãƒ¼ğŸª
ãµã²ã²ã²âœ¨

â–·â–·â–·â–·â–·

VTuberç•Œã®åº§é•·ã¨ãªã‚‹ã¹ããƒ›ãƒ­ãƒ©ã‚¤ãƒ–ã«é™ã‚Šç«‹ã£ãŸã‚µãƒ¼ã‚«ã‚¹å›£ã®å›£å“¡ã€‚
æ›²èŠ¸ã§äººã‚’æ¥½ã—ã¾ã›ã‚‹ã®ãŒå¥½ãã§ã€ã‚„ã‚‹ã¨ãªã‚Œã°ã‚„ã‚‹ã£ãã‚ƒãªã„ï¼ã®ç²¾ç¥ã®æŒã¡ä¸»ã€‚
æ™‚ã€…å‡ºã‚‹ãƒœãƒ­ã¯ã€æŒã¡å‰ã®æ„›å¬Œã§ã”ã¾ã‹ã™ã€‚

â–·â–·â–·â–·â–·

Twitter
https://twitter.com/omarupolka

YouTube ãƒ¡ãƒ³ãƒãƒ¼ã‚·ãƒƒãƒ—ã¯ã˜ã‚ã¾ã—ãŸï¼
https://www.youtube.com/channel/UCK9V2B22uJYu3N7eR_BT9QA/join

â–·â–·â–·â–·â–·

ãŠå•ã„åˆã‚ã›
ã‚«ãƒãƒ¼æ ªå¼ä¼šç¤¾ï¼šhttp://cover-corp.com/
å…¬å¼Twitterï¼šhttps://twitter.com/hololivetv",2020-06-05 07:47:22.453
UCL_qhgtOy0dy1Agp8vkySQg,Mori Calliope Ch. hololive-EN,https://yt3.ggpht.com/WJXoiG8qPqlTVGSb_hhND0DQtXqzlq05eGuR9C5a7f06a8ksVnZ8633kJOW9L4qGHnj5HU_OUw=s800-c-k-c0x00ffffff-no-nd-rj,"The Grim Reaper's first apprentice. Because the world's medical system advanced so dramatically, she became a VTuber to collect souls. It seems that the lost souls vaporized by the wholesome relationships of VTubers flow through her as well. 

In the end, she's a gentle-hearted girl whose sweet voice contradicts the morbid things she tends to say, as well as her hardcore vocals.

For Inquiries
Cover Corp: http://cover-corp.com/
Official Twitter: https://twitter.com/hololive_En",2020-07-16 06:24:04.37
UCMwGHR0BTZuLsmjY_NT5Pwg,Ninomae Ina'nis Ch. hololive-EN,https://yt3.ggpht.com/f4uYWHJxiGwyXm8NUlm818N1MRnywtgL6wM8JdWqWsKBzI7v1eg8dxDWG7igkWuukUSiufydqPg=s800-c-k-c0x00ffffff-no-rj,"One day, she picked up a strange book and then started to gain the power of controlling tentacles. To her, tentacles are just a part in her ordinary life; it has never been a big deal for her. However, her girly mind does want to get them dressed up and stay pretty.

After gaining power, she started hearing Ancient Whispers and Revelations. Hence, she began her VTuber activities to deliver random sanity checks on humanity, as an ordinary girl.

For Inquiries
Cover Corp: http://cover-corp.com/
Official Twitter: https://twitter.com/hololive_En",2020-07-16 06:23:05.258
UCO_aKKYxn4tvrqPjcTzZ6EQ,Ceres Fauna Ch. hololive-EN,https://yt3.ggpht.com/cBtserkb211p6If2OewgWd8oriIKRkfwTcP4_Vdq2YETG5TK9Q02v4cYmnLU03KBAJ0gcDha7oQ=s800-c-k-c0x00ffffff-no-rj,"A member of the Council and the Keeper of ""Nature,"" the second concept created by the Gods.
She has materialized in the mortal realm as a druid in a bid to save nature.
She has Kirin blood flowing in her veins, and horns that are made out of the branches of a certain tree; they are NOT deer antlers.

""Nature"" refers to all organic matter on the planet except mankind.
It is long said that her whispers, as an avatar of Mother Nature, have healing properties. Whether or not that is true is something only those who have heard them can say.
While she is usually affable, warm, and slightly mischievous, any who anger her will bear the full brunt of Nature's fury.

",2021-07-26 15:38:58.797
UCOyYb1c43VlX9rc_lT6NKQw,Ayunda Risu Ch. hololive-ID,https://yt3.ggpht.com/ytc/AKedOLTjqfaFS9JlspGjiIah2kkxOtl4vRrxBCYKMEY5Kw=s800-c-k-c0x00ffffff-no-rj,"Hai, aku Ayunda Risu dari Hololive Indonesia~!  
Aku seekor tupai imut dari hutan ajaib yang datang(nyasar) ke dunia manusia, dan suka sekali bernyanyi~!!
Aku sangat suka kacang, ASMR suara aneh,  game farming, dan juga voice acting!!
Jika kalian tertarik,mampir ke channelku dan subscribe ya!

HEWRO I'm Ayunda Risu from Hololive Indonesia~!
I'm a cute magical squirrel who came to human world by accident and I love singing~!
I love NUTS, weird ASMR, farming game, and voice acting~!
If you're interested, please take a look and subscribe!

ã€Buy me Nutz Plz!ã€‘
https://sociabuzz.com/ayundarisu/tribe
https://streamlabs.com/risuayundachhololive-id

ã€Twitterã€‘
https://twitter.com/ayunda_risu
ã€Instagramã€‘
@ayunda_risu
ã€Facebook Pageã€‘
https://www.facebook.com/ayundarisuholoID
ã€Official cover websiteã€‘
   http://cover-corp.com/
ã€Official Twitter hololive Indonesiaã€‘
   https://twitter.com/hololive_Id
ã€Official Facebook hololive Indonesiaã€‘
   https://www.facebook.com/Hololive-Indonesia-108806367277672/",2020-03-03 07:34:08.504
UCP0BspO_AMEe3aQqqpo89Dg,Moona Hoshinova hololive-ID,https://yt3.ggpht.com/ytc/AKedOLRaHP1Qoi3zFxbQYdbX4MNnV18TrqjFBwDxgTlNqg=s800-c-k-c0x00ffffff-no-rj,"Yaahoooâ™¡
As bright as the full moon, as beautiful as the galaxy. I'm MoonA from HololiveID~â‹†â™¡
Being an idol isn't easy! but i will always try my best for it. because of that , i started in this world and become a Vtuber! so my voice and my scream will be heard across the galaxy!

Check out my channel and let's be friendsâ™¡

ã€Support Moona via Sociabuzz !ã€‘
https://sociabuzz.com/moonahoshinova/tribe

ã€Support MoonAã€‘
https://streamlabs.com/moonahoshinovahololive-id/tip

ã€Twitterã€‘
Twitter â†’ @moonahoshinova
https://twitter.com/moonahoshinova
ã€Instagramã€‘
https://www.instagram.com/moonahoshinova
ã€Facebook Pageã€‘
https://web.facebook.com/Moona-Hoshinova-hololive-ID-103251478005455

ã€Nyori Senseiã€‘
Nyori (ã«ã‚ˆã‚Š)
https://twitter.com/nyorinyori


ã€Official cover websiteã€‘
http://cover-corp.com/
ã€Official Twitter Hololive Indonesiaã€‘
https://twitter.com/hololive_Id
ã€Official Facebook Hololive Indonesiaã€‘
https://www.facebook.com/Hololive-Indonesia-108806367277672/",2020-03-03 07:34:43.768
UCQ0UDLQCjY0rmuxCDE38FGg,Matsuri Channel å¤è‰²ã¾ã¤ã‚Š,https://yt3.ggpht.com/ytc/AKedOLSNQXD5ugR_J9CwxVy4cMcmWR0tdSZmYl2S7NDeOg=s800-c-k-c0x00ffffff-no-rj,"ãƒ›ãƒ­ãƒ©ã‚¤ãƒ–æ‰€å±ã®ãƒãƒ¼ãƒãƒ£ãƒ«youtuberã€å¤è‰²ã¾ã¤ã‚Šã ã‚ˆã£ï¼ï¼
ãƒã‚¢éƒ¨ã«æ‰€å±ã—ã¦ã‚‹ç¾å°‘å¥³JKï¼ï¼
æ­Œæ­Œã£ãŸã‚Šã¿ã‚“ãªã¨è©±ã—ãªãŒã‚‰å…ƒæ°—ã«æ¥½ã—ãé…ä¿¡ã—ã¦ã„ãã‹ã‚‰ã€ã¿ã‚“ãªè¦‹ã¦ã­ãƒ¼ï¼ï¼ï¼

Twitterã‚¢ã‚«ã‚¦ãƒ³ãƒˆğŸ®ï¼šhttps://twitter.com/natsuiromatsuri
ï¼ï¼ï¼ï¼ï¼ï¼ï¼ï¼ï¼ï¼ï¼ï¼ï¼ï¼ï¼ï¼ï¼ï¼ï¼ï¼ï¼ï¼ï¼ï¼ï¼ï¼ï¼ï¼ï¼ï¼ï¼ï¼ï¼ï¼ï¼ï¼ï¼ï¼ï¼ï¼ï¼ï¼ï¼ï¼ï¼ï¼ï¼ï¼

ã¾ã¤ã‚Šã«è³ªå•ã¨ã‹è¦æœ›ã€æ„Ÿæƒ³ã¨ã‹ã‚ã£ãŸã‚‰ã“ã®ãƒã‚·ãƒ¥ãƒãƒ­ã«é€ã£ã¦ã­ï¼ï¼ï¼
â‡’ğŸ®ã€https://t.co/83UNQUSg7Wã€‘

ï¼ï¼ï¼ï¼ï¼ï¼ï¼ï¼ï¼ï¼ï¼ï¼ï¼ï¼ï¼ï¼ï¼ï¼ï¼ï¼ï¼ï¼ï¼ï¼ï¼ï¼ï¼ï¼ï¼ï¼ï¼ï¼ï¼ï¼ï¼ï¼ï¼ï¼ï¼ï¼ï¼ï¼ï¼ï¼ï¼ï¼ï¼ï¼
ğŸ®BOOTHã§ãƒ›ãƒ­ãƒ©ã‚¤ãƒ–ã‚°ãƒƒã‚ºã€ãƒœã‚¤ã‚¹è²©å£²ã—ã¦ã‚‹ã‚ˆï¼ï¼
è©³ã—ãã¯ã“ã¡ã‚‰â†“
â–BOOTHï¼šhttps://hololive.booth.pm/

ğŸ®ãƒ•ã‚¡ãƒ³ã‚¢ãƒ¼ãƒˆï¼ƒç¥­çµµã€€ğŸ®ç”Ÿæ”¾é€ã‚¿ã‚°#å¤ã¾ã¤chã€€ğŸ®ãƒ•ã‚¡ãƒ³ãƒˆãƒ¼ã‚¯#ã¾ã¤ã‚Šã™



ãŠå•ã„åˆã‚ã›
ã‚«ãƒãƒ¼æ ªå¼ä¼šç¤¾ï¼šhttp://cover-corp.com/
 ãƒ›ãƒ­ãƒ©ã‚¤ãƒ–ï¼šhttps://twitter.com/hololivetv",2018-05-25 06:58:58
UCTvHWSfBZgtxE4sILOaurIQ,Vestia Zeta Ch. hololive-ID,https://yt3.ggpht.com/-IdVo-vK7pr0VRjJDdza1-t1Edjce1Rd1R1hon_3SRIzuQ-XVBTWOJj-UfwYPp8y40KM197_y4o=s800-c-k-c0x00ffffff-no-rj,"Hi, Iâ€™m the mysterious secret agent turned Vtuber, Vestia Zeta (codename: V.7)  from Hololive Indonesia Gen 3! Will you help me on my mission? Aku secret agent dengan kata sandi V.7 yang menginfiltrasi dunia Vtuber untuk menemukan takdir yang baru! o7 Mission: start!

ã€Twitterã€‘
 https://twitter.com/vestiazeta

ã€AruTera Senseiã€‘
https://twitter.com/TeraAru6262
ã€Tou Ilie Senseiã€‘
â€¢ https://twitter.com/tou_ilie

ã€Donasi lokalã€‘ 
https://sociabuzz.com/vestiazeta/tribe

ã€Official cover websiteã€‘
http://cover-corp.com/
ã€Official YouTube Channel hololive Indonesiaã€‘
https://www.youtube.com/channel/UCfrWoRGlawPQDQxxeIDRP0Q
ã€Official Twitter hololive Indonesiaã€‘
https://twitter.com/hololive_Id
ã€Official Facebook hololive Indonesiaã€‘
https://www.facebook.com/Hololive-Indonesia-108806367277672/

ã€HoloID Gen3ã€‘
Kaela Kovalskia(ã‚«ã‚¨ãƒ©ãƒ»ã‚³ãƒ´ã‚¡ãƒ«ã‚¹ã‚­ã‚¢)
https://t.co/vHxzhWQMny
Kobo Kanaeru(ã“ã¼ãƒ»ã‹ãªãˆã‚‹)
https://t.co/hAZaN3S6Op
",2022-01-27 09:00:05.512
UCUKD-uaobj9jiqB-VXt71mA,Botan Ch.ç…ç™½ã¼ãŸã‚“,https://yt3.ggpht.com/ytc/AKedOLQdkkvIUKvlsXj_XRJuQHxep4C61MQPhVjCuTE1=s800-c-k-c0x00ffffff-no-rj,"ãƒ›ãƒ­ãƒ©ã‚¤ãƒ–æ‰€å±ã€‚
è¦‹ãŸç›®ã¨ã¯è£è…¹ã«ãã†ãŸã‚‰ã—ãŸæ€§æ ¼ã®ãƒ›ãƒ¯ã‚¤ãƒˆãƒ©ã‚¤ã‚ªãƒ³ã€‚
åŸºæœ¬ã‚ã‚“ã©ãã•ãŒã‚Šå±‹ã ãŒã€ä¸€åº¦æ±ºã‚ãŸäº‹ã¯ã‚„ã‚Šé€šã™èª å®Ÿãªä¸€é¢ã‚‚ã‚ã‚‹ã€‚
å¥½ããªè¨€è‘‰ã¯ã€Œæ¡ç®—åº¦å¤–è¦–ã€ã€‚


ãŠå•ã„åˆã‚ã›
ã‚«ãƒãƒ¼æ ªå¼ä¼šç¤¾ï¼šhttp://cover-corp.com/ 
å…¬å¼Twitter:https://twitter.com/hololivetv",2020-04-13 03:59:45.279
UCXTpFs_3PqI41qX2d9tL2Rw,Shion Ch. ç´«å’²ã‚·ã‚ªãƒ³,https://yt3.ggpht.com/AyUL9W0ltc_aJr_MysuZBx8hRfb1SIVNREgU9kiOO-lqmdhYkEsllmhagertVIwHwa3UAAKy=s800-c-k-c0x00ffffff-no-rj,"ğŸŒ™ãƒ›ãƒ­ãƒ©ã‚¤ãƒ–æ‰€å±ğŸŒ™ ç´«å’²ã‚·ã‚ªãƒ³ã§ã™ï¼

YouTubeã®ãƒãƒ£ãƒ³ãƒãƒ«ç™»éŒ²ã€Twitterã®ãƒ•ã‚©ãƒ­ãƒ¼ã‚‚ã‚ˆã‚ã—ãã­ğŸ’œ
Twitterã€@murasakishionchã€‘",2018-08-03 08:32:21
UCYz_5n-uDuChHtLo7My1HnQ,Kureiji Ollie Ch. hololive-ID,https://yt3.ggpht.com/jWxru6sHDDSuKF-gztFg_WSoMp2da_d019iH0xz0MDWc7TIhetK8id_mVKV0PxWKp-QS23AzfQ=s800-c-k-c0x00ffffff-no-rj,"SUPER KAWAII ZOMBIE IDOL, ğŸ§Ÿâ€â™€ï¸KUREIJI OLLIEğŸ§Ÿâ€â™€ï¸ from holoIive Indonesia Gen 2!! 

[Support Ollie]
https://sociabuzz.com/kureijiollie/tribe
https://streamlabs.com/kureijiolliechhololive-id

[Twitter]
@kureijiollie
[Instagram]
@kureijiollie
[Facebook Page]
https://www.facebook.com/Kureiji-Ollie-hololive-ID-116083453646420

ã€ŒLAM Senseiã€
â€¢ Twitter:
https://twitter.com/ramdayo1122
â€¢ Website:
https://lam-illust.com/

ã€Official cover websiteã€‘
http://cover-corp.com/
ã€Official YouTube Channel hololive Indonesiaã€‘
https://www.youtube.com/channel/UCfrWoRGlawPQDQxxeIDRP0Q
ã€Official Twitter hololive Indonesiaã€‘
https://twitter.com/hololive_Id
ã€Official Facebook hololive Indonesiaã€‘
https://www.facebook.com/Hololive-Indonesia-108806367277672/

",2020-09-01 06:59:09.444
UCZLZ8Jjx_RN2CXloOmgTHVg,Kaela Kovalskia Ch. hololive-ID,https://yt3.ggpht.com/PxkGgLvMEUgmme35T0VPLR8d5brJw4YTzJC5PE48mkYRdy-mq8FsKv_Sy-bJmxqvlgtitqMWtg=s800-c-k-c0x00ffffff-no-rj,"Hello everyone! Nice to meet you!~ Iâ€™m Kaela Kovalskia, an awesome blacksmith from holoID! ğŸ”¨
League of Legends addict. I love bitter food & drinks and I love all of you.
Thank you for stopping by! Donâ€™t you think itâ€™s the right time to press the subscribe button?~ â™¥ï¸

ã€Support Kaelaã€‘
https://sociabuzz.com/kaelakovalskia/tribe

ã€Twitterã€‘
https://twitter.com/kaelakovalskia
ã€Instagramã€‘
https://www.instagram.com/kaelakovalskia
ã€Tiktokã€‘
https://www.tiktok.com/@kaelakovalskia
ã€Facebookã€‘
https://www.facebook.com/KaelaKovalskia

ã€Yasuda Suzuhito Senseiã€‘
ãƒ¤ã‚¹ãƒ€ã‚¹ã‚ºãƒ’ãƒˆ
https://twitter.com/suzupin

ã€Official cover websiteã€‘
http://cover-corp.com/
ã€Official YouTube Channel hololive Indonesiaã€‘
https://www.youtube.com/channel/UCfrWoRGlawPQDQxxeIDRP0Q
ã€Official Twitter hololive Indonesiaã€‘
https://twitter.com/hololive_Id
ã€Official Facebook hololive Indonesiaã€‘
https://www.facebook.com/Hololive-Indonesia-108806367277672/
",2022-01-27 09:03:18.537
UCZlDXzGoo7d44bwdNObFacg,Kanata Ch. å¤©éŸ³ã‹ãªãŸ,https://yt3.ggpht.com/TlH8nz5O9UYo5JZ_5fo4JfXdT18N0Ck27wWrulni-c1g5bwes0tVmFiSKICzI1SW7itaTkk9GA=s800-c-k-c0x00ffffff-no-rj,"ã¸ã„ï¼ãƒ›ãƒ­ãƒ©ã‚¤ãƒ–4æœŸç”Ÿã€å¤©éŸ³ã‹ãªãŸã§ã™ã€‚PPå¤©ä½¿
æ¯æ—¥19æ™‚é ƒã«é…ä¿¡ã—ã¦ã„ã¾ã™ã€‚ã‚ˆã‚ã—ããŠé¡˜ã„ã—ã¾ã™ï¼ğŸ’«
Twitterâ†’https://twitter.com/amanekanatach

Hey! This is Kanata Amane, from Hololive 4th generation. PP angel is me!
Stream every night!
I'm clumsy but I'll do my best!


ãƒ›ãƒ­ãƒ©ã‚¤ãƒ–æ‰€å±ã€‚
å¤©ç•Œå­¦åœ’ã«é€šã†å¤©ä½¿ã€‚äººã‚’ç™’ã™ãŸã‚ã®ç ”ç©¶ã‚’ã—ã¦ã„ã‚‹ã€‚
æ¥ãšã‹ã—ãŒã‚Šã‚„ãªæ€§æ ¼ã‚’éš ã™ãŸã‚ã«ã€ã‚¯ãƒ¼ãƒ«ã‚’è£…ãŠã†ã¨ã™ã‚‹ã€‚

ãŠå•ã„åˆã‚ã›
ã‚«ãƒãƒ¼æ ªå¼ä¼šç¤¾ï¼šhttp://cover-corp.com/ 
å…¬å¼Twitter:https://twitter.com/hololivetv",2019-12-04 09:13:34.411
UC_vMYWcDjmfdpH6r4TTn1MQ,Iroha ch. é¢¨çœŸã„ã‚ã¯ - holoX -,https://yt3.ggpht.com/YK_UCAbw_pFBHSOw_LGWI-WCJDdvMP3y9mmODQ1IFEnNVvcf-M3-q22Db5TLWuAbfboMNFTMIg=s800-c-k-c0x00ffffff-no-rj,"ãƒ›ãƒ­ãƒ©ã‚¤ãƒ–æ‰€å±ï¼–æœŸç”Ÿholoxç”¨å¿ƒæ£’ã®é¢¨çœŸã„ã‚ã¯ã§ã”ã–ã‚‹ğŸƒ 
ä½œã‚‹ã“ã¨ã‚„æ­Œã†ã“ã¨ã‚„ä½“ã‚’å‹•ã‹ã™ã“ã¨ãŒå¤§å¥½ãâœ¨
è¿·ã£ãŸã‚‰ã¾ãšå®Ÿè¡Œï¼ãŒãƒ¢ãƒƒãƒˆãƒ¼ã®ã¤ã‚ˆã¤ã‚ˆä¾ã§ã”ã–ã‚‹ ğŸ”¥ 

ã„ã‚ã‚“ãªã‚‚ã®ã‚’è¦‹ã¦å­¦ã‚“ã§ã€ãŸãã•ã‚“ã®æ¥½ã—ã„ã‚’ã¿ã‚“ãªã¨å…±æœ‰ã—ã¦ã„ããŸã„â˜€ï¸
ãƒãƒæ®¿:ã†ã¿ã¼ã†ãšæ§˜(@bouzumi_ )
ãƒ‘ãƒ‘æ®¿:ã‘ã£ãµãƒãƒ¼æ§˜(@keffiy )
",2021-09-12 06:16:48.955
UCa9Y57gfeY0Zro_noHRVrnw,Luna Ch. å§«æ£®ãƒ«ãƒ¼ãƒŠ,https://yt3.ggpht.com/O7m_5HMY_O8yxR3Jhn9cEO1fLNL_GifMERExnAmfY7JrdTRsTjNijTcNYTPN97Llj3zGn8Susw=s800-c-k-c0x00ffffff-no-rj,"ãƒ›ãƒ­ãƒ©ã‚¤ãƒ–4æœŸç”Ÿã€‚
ãŠè“å­ã®å›½ã®ãŠå§«æ§˜ã€‚
ç”˜ãˆã‚“ã¼ã§äººæ‡ã£ã“ã„ãŒã‚ãŒã¾ã¾ã‚’è¨€ã£ã¦ãŸã³ãŸã³åŸ·äº‹ã«æ€’ã‚‰ã‚Œã¦ã„ã‚‹ã€‚
æœˆã®ã‚¢ã‚¯ã‚»ã¯ã€ç•°ä¸–ç•Œã®å›½ã®ãƒãƒ¼ã‚¯ã‚‰ã—ã„ï¼Ÿ

èª•ç”Ÿæ—¥ï¼š10æœˆ10æ—¥ / èº«é•·ï¼š150cm(ç‹å† ãƒ’ãƒ¼ãƒ«è¾¼)
ãƒ‡ãƒ“ãƒ¥ãƒ¼æ—¥ï¼š2020å¹´1æœˆ4æ—¥
----------------------------------------------------------

é…ä¿¡ã‚¿ã‚°ï¼š#ãªã®ã‚‰ã„ã¶
ãƒ•ã‚¡ãƒ³ã‚¢ãƒ¼ãƒˆï¼š#ãƒ«ãƒ¼ãƒŠãƒ¼ãƒˆ
ãƒãƒ¼ã‚¯ï¼šğŸ¬

æ‹…å½“çµµå¸«ã€Œã‹ã‚“ã–ãã²ã‚ / Kanzaki Hiroã€
Twitterï¼šhttps://twitter.com/kanzakihiro
YouTubeï¼šhttps://www.youtube.com/channel/UCLww4xTaLWjpESsK2HzkkcA

â˜…ã‚ªãƒ•ã‚£ã‚·ãƒ£ãƒ«ã‚·ãƒ§ãƒƒãƒ—â˜…
hololibe OFFICIAL SHOPâ†’ https://shop.hololivepro.com/

â˜…ãƒ‘ãƒƒãƒ‘ã‹ã‚‰ã®ãƒ«ãƒ¼ãƒŠã‚°ãƒƒã‚ºæƒ…å ±â˜…
BOOTH â†’ https://tabgraphics.booth.pm/
ã¨ã‚‰ã®ã‚ãª â†’ https://ecs.toranoana.jp/tora/ec/cit/circle/2UPA3B6P8U7LdA6pd687/all/

----------------------------------------------------------

âœ’ãŠæ‰‹ç´™ã¯ã“ã¡ã‚‰ã¾ã§

ã€’173-0003
æ±äº¬éƒ½æ¿æ©‹åŒºåŠ è³€1ä¸ç›®6ç•ª1å·
ãƒãƒƒãƒˆãƒ‡ãƒæ–°æ¿æ©‹
ã‚«ãƒãƒ¼æ ªå¼ä¼šç¤¾ ãƒ›ãƒ­ãƒ©ã‚¤ãƒ– ãƒ—ãƒ¬ã‚¼ãƒ³ãƒˆä¿‚åˆ†
å§«æ£®ãƒ«ãƒ¼ãƒŠå®›

â€»ãŠç´„æŸã”ã¨ï¼šhttps://www.hololive.tv/contact
---------------------------------------------------------------------------------

ãŠå•ã„åˆã‚ã›
coveræ ªå¼ä¼šç¤¾ï¼šhttp://cover-corp.com/ 
å…¬å¼Twitterï¼šhttps://twitter.com/hololivetv
---------------------------------------------------------------------------------",2019-12-04 09:26:28.32
UCdn5BQ06XqgXoAxIhbqw5Rg,ãƒ•ãƒ–ã‚­Chã€‚ç™½ä¸Šãƒ•ãƒ–ã‚­,https://yt3.ggpht.com/ytc/AKedOLQdiN_0b5mfCHcwmIbRZKvpwowneYzu9xL0oCBBMw=s800-c-k-c0x00ffffff-no-rj,"ãƒ›ãƒ­ãƒ©ã‚¤ãƒ–æ‰€å±ã€ç™½ä¸Šãƒ•ãƒ–ã‚­ã§ã™ã€‚(Fubuki Shirakami)ğŸŒ½
ç‹(FOX)ã®ãƒãƒ¼ãƒãƒ£ãƒ«ç‹ã¨ã—ã¦æ´»å‹•ã—ã¦ã„ã¾ã™ã€‚

ã‚²ãƒ¼ãƒ ã‚„é›‘è«‡æ”¾é€ã‚„å‹•ç”»ã‚’æŠ•ç¨¿ã—ã¦ã¾ã™ã‚ˆã£ã€‚
å°‘ã—â€¦æ¥ãšã‹ã—ãŒã‚Šãªæ‰€ã‚‚ã‚ã‚‹ã®ã§ã™ãŒã€çš†ã•ã‚“ã¨æ²¢å±±ãŠè©±ã—ã¦ã„ããŸã„ã®ã§
ã‚ˆã‚ã—ããŠã­ãŒã„ã—ã¾ã™ã€‚(^ãƒ»Ï‰ãƒ»^Â§)ï¾‰
åŸºæœ¬ã‚ªã‚¿ã‚¯ã§ã™ã€‚

Twitterâ¡https://twitter.com/shirakamifubuki
ï¼ï¼ï¼ï¼ï¼ï¼ï¼ï¼ï¼ï¼ï¼ï¼ï¼ï¼ï¼ï¼ï¼ï¼ï¼ï¼ï¼ï¼ï¼ï¼ï¼ï¼ï¼ï¼ï¼ï¼ï¼ï¼ï¼ï¼ï¼ï¼
ğŸŒ½ãƒ•ãƒ–ã‚­chã€‚ãƒ¡ãƒ³ãƒãƒ¼ã‚·ãƒƒãƒ—ç™»éŒ²é–‹å§‹ï¼

ã€ä¸»ãªç‰¹å…¸ã€‘
ğŸµåå‰ã®æ¨ªã«ãƒ¡ãƒ³ãƒãƒ¼ãƒãƒƒãƒã®ä»˜ä¸
ğŸµå°‚ç”¨çµµæ–‡å­—ã®ä½¿ç”¨(éšæ™‚è¿½åŠ äºˆå®š)
âœ¨Youtube:GAMEMINGã®ã€Œãƒ¡ãƒ³ãƒãƒ¼ã«ãªã‚‹ã€ã‹ã‚‰ç™»éŒ²ã§ãã¾ã™ã€‚
ç™»éŒ²ã¯ã‚³ãƒãƒ©â¡https://goo.gl/jLi9x8
ï¼ï¼ï¼ï¼ï¼ï¼ï¼ï¼ï¼ï¼ï¼ï¼ï¼ï¼ï¼ï¼ï¼ï¼ï¼ï¼ï¼ï¼ï¼ï¼ï¼ï¼ï¼ï¼ï¼ï¼ï¼ï¼ï¼ï¼ï¼ï¼
ğŸŒ½BOOTHã«ã¦ãƒ›ãƒ­ãƒ©ã‚¤ãƒ–ã‚°ãƒƒã‚ºè²©å£²ä¸­â€¼
â–BOOTHï¼šhttps://hololive.booth.pm/
ãƒœã‚¤ã‚¹æ„Ÿæƒ³ãƒãƒƒã‚·ãƒ¥ã‚¿ã‚°ã€€#ãŠã„è´ã„ãŸãç™½ä¸Š
ï¼ï¼ï¼ï¼ï¼ï¼ï¼ï¼ï¼ï¼ï¼ï¼ï¼ï¼ï¼ï¼ï¼ï¼ï¼ï¼ï¼ï¼ï¼ï¼ï¼ï¼ï¼ï¼ï¼ï¼ï¼ï¼ï¼ï¼ï¼ï¼

ğŸµãƒ•ã‚¡ãƒ³ã‚¢ãƒ¼ãƒˆï¼ƒçµµãƒ•ãƒ–ã‚­ã€€ğŸµç”Ÿæ”¾é€ã‚¿ã‚°#ãƒ•ãƒ–ã‚­ch
ğŸµãƒ•ã‚¡ãƒ³ãƒˆãƒ¼ã‚¯#ã™ã“ã‚“éƒ¨

â– ãƒãƒ£ãƒ³ãƒãƒ«ãƒ­ã‚´ï¼šæŸŠæ¤‹ æ§˜


ãŠå•ã„åˆã‚ã›
ã‚«ãƒãƒ¼æ ªå¼ä¼šç¤¾ï¼šhttp://cover-corp.com/
 ãƒ›ãƒ­ãƒ©ã‚¤ãƒ–ï¼šhttps://twitter.com/hololivetv",2018-05-24 02:41:21
UCdyqAaZDKHXg4Ahi7VENThQ,Noel Ch. ç™½éŠ€ãƒã‚¨ãƒ«,https://yt3.ggpht.com/ytc/AKedOLQW7DXGL_nPlEiuqvHzJBiSZKiS5VKqrxzvKHLL9A=s800-c-k-c0x00ffffff-no-rj,ãŠã£ã¨ã‚Šã—ã¦ã„ã‚‹ãŒã€ãªã‚“ã§ã‚‚ç­‹åŠ›ã§ã©ã†ã«ã‹ã™ã‚‹ç‰©é¨’ãªé¢ã‚’æŒã¤ ã‚†ã‚‹ãµã‚è„³ç­‹å¥³é¨å£«ã€‚å¼·ã•ã«æ†§ã‚Œã‚‹ã‚ã¾ã‚Šã€ã¤ã‚ˆã¤ã‚ˆãªäººé”ãŒé›†ã¾ã‚‹Vtuberç•Œã«æ­¦è€…ä¿®è¡Œã«ããŸã€‚,2019-07-26 12:28:31
UCfrWoRGlawPQDQxxeIDRP0Q,hololive Indonesia,https://yt3.ggpht.com/ytc/AKedOLQMVO-nqdgHS1Fht9IRSWPC99g-EYsGum8tSVmDFQ=s800-c-k-c0x00ffffff-no-rj,"Selamat datang di channel Youtube official hololive Indonesia!
Subscribe channel ini dan juga channel talent-talent kami ya!
Channel hololive Indonesia ini akan menayangkan informasi resmi terbaru dan Special Event Stream yang akan dibawakan oleh talent-talent kami.
Kami juga menyediakan playlist video talent kami yang bisa kalian putar dengan sesuka hati.

Welcome to the official channel of hololive Indonesia!
Subscribe to us to find the latest info from hololive Indonesia, Special event streams, and more! We also have plenty of playlists where you can watch our talents video!

Our Social media:
ãƒ»Twitter
https://twitter.com/hololive_Id
ãƒ»Facebook
https://www.facebook.com/Hololive-Indonesia-108806367277672/
ãƒ»Schedule
https://schedule.hololive.tv/lives/indonesia
ãƒ»Official HP
https://www.hololive.tv/",2020-06-23 04:14:50.963
UCgmPnx-EEeOrZSg5Tiw7ZRQ,Hakos Baelz Ch. hololive-EN,https://yt3.ggpht.com/7gFSRIM3_DhczV8AYjeP4EaS0OL-u_xLvIh9JhG9zJhPYEfVwsoUOK61L6eBlLjnPHN-EDvytQ=s800-c-k-c0x00ffffff-no-rj,"A member of the Council and the very concept of Chaos, birthed by the world, itself.
The Gods appointed her Chairperson of the Council, but she mostly takes a hands-off approach as she has yet to accept the decision, much like her fellow members. That said, all of them have no intention of contending; instead to obey.

Her mouse-like appearance has deceived many a fool who fails to realize that mice are the harbingers of chaos.
Also of note is her wild smile, which she often flashes in her frequent romps.

Chaos is confusion and disarray, it is fortune and tragedy, and it is freedom from all the logic and inherent nature of life.
She believes that rules are not the be-all and end-all, which is why she has come to break them all.
Watching the aftermath is her greatest joy, and so she remains a bystander to the destruction caused by mayhem.


",2021-07-26 15:33:07.061
UChAnqc_AY5_I3Px5dig3X1Q,Korone Ch. æˆŒç¥ã“ã‚ã­,https://yt3.ggpht.com/ytc/AKedOLTGCZfOdpj8vnNV4hbPvxJrlbERhgBWnBrWKbS5WQ=s800-c-k-c0x00ffffff-no-rj,"ãƒ›ãƒ­ãƒ©ã‚¤ãƒ–æ‰€å±ã€æˆŒç¥ã“ã‚ã­ğŸ¥ã§ã™ï¼


ã“ã‚ã­ã®Twitter 
https://twitter.com/inugamikorone


ãƒ•ã‚¡ãƒ³ã‚¢ãƒ¼ãƒˆ #ã§ããŸã¦ã“ã‚ã­

ç”Ÿæ”¾é€ã‚¿ã‚° #ç”Ÿç¥ã‚‚ã‚“ã–ãˆã‚‚ã‚“

ãƒ•ã‚¡ãƒ³ãƒãƒ¼ãƒ  #ã“ã‚ã­ã™ããƒ¼



ğŸ¥ãƒ¡ãƒ³ãƒãƒ¼ã‚·ãƒƒãƒ—ğŸ¥ 

â€£åå‰ã®å¾Œã‚ã«ãƒ¡ãƒ³ãƒãƒ¼é™å®šã®ãƒãƒƒã‚¸ãŒã¤ãã‚ˆï¼
â€£ãƒ¡ãƒ³ãƒãƒ¼ã•ã‚“ã ã‘ã®çµµæ–‡å­—ãŒä½¿ç”¨ã§ãã‚‹ã‚ˆï¼
â€£ä¸å®šæœŸã§ãƒ¡ãƒ³ãƒãƒ¼é™å®šé…ä¿¡ã‚’ã—ã¦ã„ã‚‹ã‚ˆï¼

ç™»éŒ²æ–¹æ³•ã¯ã€ãƒãƒ£ãƒ³ãƒãƒ«ç™»éŒ²ãƒœã‚¿ãƒ³ã®æ¨ªã«ã‚ã‚‹ã€Œãƒ¡ãƒ³ãƒãƒ¼ã«ãªã‚‹ã€ãƒœã‚¿ãƒ³ã‹ã‚‰â™ª


ğŸ¥",2019-03-25 12:44:03
UChgTyjG-pdNvxxhdsXfHQ5Q,Pavolia Reine Ch. hololive-ID,https://yt3.ggpht.com/sG7Yb1kCxTEP9ft03E-1Tr2Rho8GhMZ0_Kq9rf5MojWY9pf8vSL24xPG8e8GaE4jOxQKYlSvaL0=s800-c-k-c0x00ffffff-no-rj,"Perhatian! Sang putri merak yang tertiup angin, aku Pavolia Reine dari hololive Indonesia!!

ã€Support Reine via Sociabuzz ! ã€‘
https://sociabuzz.com/pavoliareine/tribe

[Support Reine via Streamlabs ! ]
https://streamlabs.com/pavoliareinechhololive-id

[Twitter]
@pavoliareine
[Instagram]
@pavoliareine
[Facebook Page]
https://www.facebook.com/pavoliareine

[Pochi Sensei]
Iida Pochi
https://twitter.com/lizhi3

ã€Official cover websiteã€‘
http://cover-corp.com/
ã€Official Youtube Channel hololive Indonesiaã€‘
https://www.youtube.com/channel/UCfrWoRGlawPQDQxxeIDRP0Q
ã€Official Twitter Hololive Indonesiaã€‘
https://twitter.com/hololive_Id
ã€Official Facebook Hololive Indonesiaã€‘
https://www.facebook.com/Hololive-Indonesia-108806367277672/


",2020-09-01 06:46:14.039
UCjLEmnpCNeisMxy134KPwWw,Kobo Kanaeru Ch. hololive-ID,https://yt3.ggpht.com/FDU40V14C_-YbLcd_f9zeqaFhZJ8kY1D2UL0H4L81QNBaxOQg09G7ZA1hqU8M61Vzy3gQl81PA=s800-c-k-c0x00ffffff-no-rj,"Bokobokobo- Kobo Kanaeru at your service! Your cool swaggy rain shaman from HoloID Gen 3 is here baby ;)

ã€Twitterã€‘
@kobokanaeru
https://twitter.com/kobokanaeru

ã€ponkanâ‘§ Senseiã€‘
ã½ã‚“ã‹ã‚“â‘§
https://twitter.com/ponkan_8

ã€Official cover websiteã€‘
http://cover-corp.com/
ã€Official YouTube Channel hololive Indonesiaã€‘
https://www.youtube.com/channel/UCfrWoRGlawPQDQxxeIDRP0Q
ã€Official Twitter hololive Indonesiaã€‘
https://twitter.com/hololive_Id
ã€Official Facebook hololive Indonesiaã€‘
https://www.facebook.com/Hololive-Indonesia-108806367277672/

ã€HoloID Gen3ã€‘
Vestia Zeta(ãƒ™ã‚¹ãƒ†ã‚£ã‚¢ãƒ»ã‚¼ãƒ¼ã‚¿)
https://www.youtube.com/channel/UCTvHWSfBZgtxE4sILOaurIQ
Kaela Kovalskia(ã‚«ã‚¨ãƒ©ãƒ»ã‚³ãƒ´ã‚¡ãƒ«ã‚¹ã‚­ã‚¢)
https://www.youtube.com/channel/UCZLZ8Jjx_RN2CXloOmgTHVg
",2022-01-27 08:17:00.285
UCmbs8T6MWqUHP1tIQvSgKrg,Ouro Kronii Ch. hololive-EN,https://yt3.ggpht.com/6670YE31bbAtAi7m_UL-KWZBdL5wvmfHlLtcS4HxsBZBQNqmAk7Y-iiIOjawO_0HYXpS4HfC=s800-c-k-c0x00ffffff-no-rj,"A member of the Council and the Warden of ""Time,"" the third concept birthed by the Gods and the one most intrinsically linked with mankind.
None may escape the sands of time and, indeed, most men do not even wish to be freed from her captivity. She picked up the blades almost as a reflex action of sorts, and seems to be enjoying it. Her quiet, aloof personality has never changed over the ages, but she has developed a little bit of haughtiness and sadistic tendencies along the way...

Originally, the concept of time was but a cog in the wheel, one which only functioned in tandem with others.
Eventually, humans went on to give time individual meanings such as dawn and dusk, making it universal. The humans became enslaved to Time in return for empowering her. In her present form, she has become a sadistic, prideful warden.

",2021-07-26 15:42:15.813
UCoSrY_IQQVpmIRZ9Xf-y93g,Gawr Gura Ch. hololive-EN,https://yt3.ggpht.com/uMUat6yJL2_Sk6Wg2-yn0fSIqUr_D6aKVNVoWbgeZ8N-edT5QJAusk4PI8nmPgT_DxFDTyl8=s800-c-k-c0x00ffffff-no-rj,"A descendant of the Lost City of Atlantis, who swam to Earth while saying, ""It's so boring down there LOLOLOL!"" She bought her clothes (and her shark hat) in the human world and she really loves them. In her spare time, she enjoys talking to marine life.

For Inquiries
Cover Corp: http://cover-corp.com/
Official Twitter: https://twitter.com/hololive_En",2020-07-16 06:25:20.802
UCotXwY6s8pWmuWd_snKYjhg,hololive English,https://yt3.ggpht.com/ytc/AKedOLQGbQmuzLspD-AWRcyeaOj5WdroBC507C31D0kTfw=s800-c-k-c0x00ffffff-no-rj,"â– Hololive English
Hololive English is an all-girl VTuber group under COVER Corporation aimed at the English-speaking audience. Their activities include live streaming on platforms such as YouTube and interacting with fans on Twitter. The talents perform using intricate 2D and 3D avatars provided by the company.
ãƒ»Hololive English Official Twitter: https://twitter.com/hololive_En
ãƒ»Hololive English Official Reddit: https://www.reddit.com/r/Hololive/

â– COVER Corporation
COVER Corporation is a tech startup which blends together content creation with VR and AR technologies to carry its vision of delivering the culture of virtual streaming to the world.
ãƒ»Corporate Website: http://cover-corp.com
ãƒ»Employment Page: https://www.wantedly.com/companies/cover-corp

COVER Corporationâ€™s Press Release History: https://prtimes.jp/main/html/searchrlp/company_id/30268",2020-09-07 13:42:23.801
UCp-5t9SrOQwXMU7iIjQfARg,Mio Channel å¤§ç¥ãƒŸã‚ª,https://yt3.ggpht.com/Z78RNXxUqpOGYKFt-VrJV7nlehOHzl7Ta-l1cgPx5Ewucmr5kY64iGxmPSe7QqIdM1ZhvPlEOg=s800-c-k-c0x00ffffff-no-rj,"ãƒ›ãƒ­ãƒ©ã‚¤ãƒ–æ‰€å±ã®Vtuberâœ¨å¤§ç¥ãƒŸã‚ªï¼ˆookami mioï¼‰ã ã‚ˆğŸº
Twitterï¼šhttps://twitter.com/ookamimio

Â¨Â¨Â¨Â¨Â¨Â¨Â¨Â¨Â¨Â¨Â¨Â¨Â¨Â¨Â¨Â¨Â¨Â¨Â¨Â¨Â¨Â¨Â¨Â¨Â¨Â¨Â¨Â¨Â¨Â¨Â¨Â¨Â¨Â¨Â¨
ğŸŠãƒ¡ãƒ³ãƒãƒ¼ã‚·ãƒƒãƒ—ã¯ã˜ã‚ã¾ã—ãŸğŸŠ

ğŸºå¤§ç¥ãƒŸã‚ªã‚ªãƒªã‚¸ãƒŠãƒ«ã‚¹ã‚¿ãƒ³ãƒ—ãŒä½¿ãˆã‚‹ï¼
ğŸºãƒ¡ãƒ³ãƒãƒ¼ã‚·ãƒƒãƒ—é™å®šé…ä¿¡ãŒè¦‹ã‚Œã‚‹ğŸ‘€
ğŸºãƒ¡ãƒ³ãƒãƒ¼ãƒãƒƒã‚¸ãŒä»˜ä¸ã•ã‚Œã‚‹ï½âœ¨
ğŸºä»–ã«ã‚‚ãƒ¡ãƒ³ãƒãƒ¼ã‚·ãƒƒãƒ—é™å®šã®å£ç´™ã‚„å‹•ç”»ã‚‚ãƒ»ãƒ»ï¼

ç™»éŒ²ã¯ã“ã¡ã‚‰â¡https://www.youtube.com/channel/UCp-5t9SrOQwXMU7iIjQfARg/join

Â¨Â¨Â¨Â¨Â¨Â¨Â¨Â¨Â¨Â¨Â¨Â¨Â¨Â¨Â¨Â¨Â¨Â¨Â¨Â¨Â¨Â¨Â¨Â¨Â¨Â¨Â¨Â¨Â¨Â¨Â¨Â¨Â¨Â¨Â¨

âœ¨åˆ¶ä½œâœ¨
ã‚¤ãƒ©ã‚¹ãƒˆãƒ¬ãƒ¼ã‚¿ãƒ¼ğŸ–Œæ³‰å½©ãƒ‘ãƒ‘ https://twitter.com/AC______
Live2Dåˆ¶ä½œğŸ–Œrariemonnã•ã‚“ https://twitter.com/rariemonn765
ãƒ­ã‚´åˆ¶ä½œğŸ–Œæœ‰é¦¬ãƒˆãƒ¢ãƒ¦ã‚­ã•ã‚“ã€€https://twitter.com/tatsdesign

Â¨Â¨Â¨Â¨Â¨Â¨Â¨Â¨Â¨Â¨Â¨Â¨Â¨Â¨Â¨Â¨Â¨Â¨Â¨Â¨Â¨Â¨Â¨Â¨Â¨Â¨Â¨Â¨Â¨Â¨Â¨Â¨Â¨Â¨Â¨

ãƒ›ãƒ­ãƒ©ã‚¤ãƒ–å…¬å¼YouTubeãƒãƒ£ãƒ³ãƒãƒ«ã§ã‚‚ã‚ªãƒªã‚¸ãƒŠãƒ«ã‚³ãƒ³ãƒ†ãƒ³ãƒ„é…ä¿¡ä¸­ï¼â–· https://www.youtube.com/channel/UCJFZ...
ãƒ›ãƒ­ãƒ©ã‚¤ãƒ–å…¬å¼Twitterâ–· https://twitter.com/hololivetv
ãƒ›ãƒ­ãƒ©ã‚¤ãƒ–å…¬å¼ã‚µã‚¤ãƒˆâ–· https://www.hololive.tv/",2018-12-01 08:52:15
UCp6993wxpyDPHUpavwDFqgg,SoraCh. ã¨ãã®ãã‚‰ãƒãƒ£ãƒ³ãƒãƒ«,https://yt3.ggpht.com/ytc/AKedOLRo4fRoifdnGRyvGIOVxiumNdD5MXweEPHLO_SBrA=s800-c-k-c0x00ffffff-no-rj-mo,"â˜†ãƒ›ãƒ­ãƒ©ã‚¤ãƒ–æ‰€å±ãƒãƒ¼ãƒãƒ£ãƒ«ã‚¢ã‚¤ãƒ‰ãƒ«ã€ã¨ãã®ãã‚‰ã§ã™ï¼
æ¨ªæµœã‚¢ãƒªãƒ¼ãƒŠã§ã®å˜ç‹¬ãƒ©ã‚¤ãƒ–ã‚’ç›®æ¨™ã«æ´»å‹•ã—ã¦ã„ã¾ã™ï¼ï¼çµ¶å¯¾ã«ï¼è¡ŒããŸã„ã®ã§ï¼ï¼å¿œæ´ã‚ˆã‚ã—ããŠã­ãŒã„ã—ã¾ã™ï¼ï¼ï¼ï¼

ã„ã„ãªã¨æ€ã£ãŸã‚‰ã€ãœã²ãƒãƒ£ãƒ³ãƒãƒ«ç™»éŒ²ã‚ˆã‚ã—ããŠé¡˜ã„ã—ã¾ã™à­§(à¹‘â€¢Ì€ã…â€¢Ìà¹‘)à«­âœ§


â˜…ãƒ‹ã‚³ãƒ‹ã‚³ãƒãƒ£ãƒ³ãƒãƒ«ï¼šã‚ªãƒ•ã‚£ã‚·ãƒ£ãƒ«ãƒ•ã‚¡ãƒ³ã‚¯ãƒ©ãƒ–â˜…
https://ch.nicovideo.jp/tokinosora

â˜…19/10/07ç™ºå£² æ–°æ›²ã€ãƒ•ãƒ¬ãƒ¼ãƒ•ãƒ¬ãƒ¼LOVEã€â˜…
https://jvcmusic.lnk.to/Hurray_Hurray_LOVE

â˜…ãƒ¡ã‚¸ãƒ£ãƒ¼ãƒ‡ãƒ“ãƒ¥ãƒ¼ã‚¢ãƒ«ãƒãƒ ã€Dreaming!ã€ç‰¹è¨­ã‚µã‚¤ãƒˆâ˜…
https://www.jvcmusic.co.jp/tokinosora/65163/

â˜…MFæ–‡åº«Jãƒ©ã‚¤ãƒˆãƒãƒ™ãƒ«ã€ã¨ãã®ãã‚‰ ãƒãƒ¼ãƒãƒ£ãƒ«ã‚¢ã‚¤ãƒ‰ãƒ«ã ã‘ã©å¿œæ´ã—ã¦ãã‚Œã¾ã™ã‹ï¼Ÿã€â˜…
https://mfbunkoj.jp/product/tokinosora/321812000134.html

â˜…ãƒ†ãƒ¬ãƒ“æ±äº¬ãƒ‰ãƒ©ãƒã€å››æœˆä¸€æ—¥ã•ã‚“å®¶ã®ã€â˜…
https://www.tv-tokyo.co.jp/watanuki/

â˜…ã‚°ãƒƒã‚ºè²©å£²ã€ã¨ãã®ãã‚‰å…¬èªâ˜†ã“ã“ã‚æ™´ã‚Œã°ã‚Œã‚·ãƒ§ãƒƒãƒ—ã€â˜…
https://ebten.jp/newtype/1371

â˜…ãƒœã‚¤ã‚¹ä»˜ãLINEã‚¹ã‚¿ãƒ³ãƒ—â˜…
https://store.line.me/stickershop/product/12242/ja

â˜…TOKYO FMã€ãã‚‰ã‚ãŠã¨ï¼ã€ãƒ•ã‚¡ãƒ³ã‚³ãƒŸãƒ¥ãƒ‹ãƒ†ã‚£â˜…
https://fanicon.net/fancommunities

[Sounds] ãƒã‚±ãƒƒãƒˆã‚µã‚¦ãƒ³ãƒ‰,DOVA-SYNDROME,é­”ç‹é­‚,OtoLogic
[System] HoloLive (COVER Inc.)",2017-09-07 03:02:42
UCqm3BQLlJfvkTsX_hvm0UmA,Watame Ch. è§’å·»ã‚ãŸã‚,https://yt3.ggpht.com/ytc/AKedOLQ74gCnVzTJAJTtjvXlRGQLwcYMQ8HppeWsaJYd1w=s800-c-k-c0x00ffffff-no-rj,"ãƒ›ãƒ­ãƒ©ã‚¤ãƒ–æ‰€å±ã€‚
åŸéŠè©©äººã‚’ã—ãªãŒã‚‰ã®ã‚“ã³ã‚Šæ—…ã‚’ã—ã¦ã„ã‚‹ç¾Šã€‚
æ­ŒãŒå¤§å¥½ãã€‚ã‚‚ãµã‚‚ãµã€‚ã¨ã«ã‹ãã‚‚ãµã‚‚ãµã€‚
è‰é£Ÿç³»ãªã®ã§ãƒãƒ†ãƒãŒå¥½ç‰©ã€‚

è§’å·»ã‚ãŸã‚ã®Member shipå§‹ã¾ã‚Šã¾ã—ãŸã€‚
ã€Member sheepã€
ä¸‹ã®URLã‹ã‚‰é£›ã¹ã‚‹ã¨æ€ã†ã®ã§ã€æ˜¯éå¿œæ´ã‚ˆã‚ã—ããŠé¡˜ã„è‡´ã—ã¾ã™ï¼
https://www.youtube.com/channel/UCqm3BQLlJfvkTsX_hvm0UmA/join

ãŠå•ã„åˆã‚ã›
ã‚«ãƒãƒ¼æ ªå¼ä¼šç¤¾ï¼šhttp://cover-corp.com/
å…¬å¼Twitter:https://twitter.com/hololivetv",2019-12-04 10:02:43.244
UCs9_O1tRPMQTHQ-N_L6FU2g,Lui ch. é·¹å¶ºãƒ«ã‚¤ - holoX -,https://yt3.ggpht.com/R_IzGiw1xDQp0y9zVvGkF9e8Gj8wtr2_551Ez3X6gOMIj3e6jra1I1suuK_jH9FqigBj8ywg=s800-c-k-c0x00ffffff-no-rj,"ã¿ãªã•ï½ã‚“ã€å¾…ã£ãŸã‹ã­ï¼Ÿã“ã‚“ãƒ«ã‚¤ãƒ«ã‚¤ï¼
ãƒ›ãƒ­ãƒ©ã‚¤ãƒ–6æœŸç”Ÿã€ç§˜å¯†çµç¤¾holoXã€ã®å¥³å¹¹éƒ¨
é·¹å¶ºãƒ«ã‚¤ï¼ˆTakane Luiï¼‰ã®ãƒãƒ£ãƒ³ãƒãƒ«ã§ã™ğŸ¥€

âœ¦â€¢â€¢â”ˆâ”ˆâ”ˆâ€¢â€¢â”ˆâ”ˆâ”ˆâ€¢â€¢âœ¦â€¢â€¢â”ˆâ”ˆâ”ˆâ€¢â€¢â”ˆâ”ˆâ”ˆâ€¢â€¢âœ¦

Kon LuiLui!!
I am Lui Takane.
Lui is the executive officer of Secret Society holoX and 6th Gen member of Hololive.

âœ¦â€¢â€¢â”ˆâ”ˆâ”ˆâ€¢â€¢â”ˆâ”ˆâ”ˆâ€¢â€¢âœ¦â€¢â€¢â”ˆâ”ˆâ”ˆâ€¢â€¢â”ˆâ”ˆâ”ˆâ€¢â€¢âœ¦

ã€ãƒãƒƒã‚·ãƒ¥ã‚¿ã‚°ã€‘

é…ä¿¡ã‚¿ã‚°ï¼š#ãŸã‹ã­ã®è¦‹ç‰©
ãƒ•ã‚¡ãƒ³ã‚¢ãƒ¼ãƒˆï¼š#Luillust
ãƒ•ã‚¡ãƒ³ãƒãƒ¼ãƒ ï¼š#ãƒ«ã‚¤å‹
ãã®ä»–ï¼š#é·¹å¶ºãƒ«ã‚¤

ğŸ¨ãƒ•ã‚¡ãƒ³ã‚¢ãƒ¼ãƒˆã¯ã‚µãƒ ãƒã§ä½¿ç”¨ã•ã›ã¦ã„ãŸã ãå ´åˆãŒã‚ã‚Šã¾ã™ï¼

âœ¦â€¢â€¢â”ˆâ”ˆâ”ˆâ€¢â€¢â”ˆâ”ˆâ”ˆâ€¢â€¢âœ¦â€¢â€¢â”ˆâ”ˆâ”ˆâ€¢â€¢â”ˆâ”ˆâ”ˆâ€¢â€¢âœ¦


ğŸ’ŒãŠæ‰‹ç´™ã‚„è‰²ç´™ã®é€ä»˜å…ˆã¯ã‚³ãƒãƒ©ğŸ’Œ
ã€’173-0003
æ±äº¬éƒ½æ¿æ©‹åŒºåŠ è³€1ä¸ç›®6ç•ª1å·
ãƒãƒƒãƒˆãƒ‡ãƒæ–°æ¿æ©‹
ã‚«ãƒãƒ¼æ ªå¼ä¼šç¤¾ ãƒ›ãƒ­ãƒ©ã‚¤ãƒ– ãƒ—ãƒ¬ã‚¼ãƒ³ãƒˆä¿‚åˆ†
é·¹å¶ºãƒ«ã‚¤ å®›

ãŠç´„æŸã”ã¨
https://www.hololive.tv/contact

âœ¦â€¢â€¢â”ˆâ”ˆâ”ˆâ€¢â€¢â”ˆâ”ˆâ”ˆâ€¢â€¢âœ¦â€¢â€¢â”ˆâ”ˆâ”ˆâ€¢â€¢â”ˆâ”ˆâ”ˆâ€¢â€¢âœ¦

â–·ãŠå•ã„åˆã‚ã›â–·

ã‚«ãƒãƒ¼æ ªå¼ä¼šç¤¾ï¼šhttp://cover-corp.com/ 
å…¬å¼Twitterï¼šhttps://twitter.com/hololivetv
",2021-09-12 03:15:45.362
UCsUj0dszADCGbF3gNrQEuSQ,Tsukumo Sana Ch. hololive-EN,https://yt3.ggpht.com/zczPLp_sj4Qq3CyoGzfXifOdwE7aMHRpUdqbMD9UKvjddBG2NdMrCKElCMUOS6x85BMr2VGuAA=s800-c-k-c0x00ffffff-no-rj,"A member of the Council and the Speaker of ""Space,"" the very first concept created by the Gods.
After being materialized in the mortal realm, she began researching astrology in earnest for one particular reason. However, she soon stumbled unknowingly upon the Forbidden Truth, and was turned into an apostle for the Ancient Ones.

""Space"" refers not only to this universe we live in, but all dimensions and matter to exist. It is a concept unbridled by definition, and one that continues to grow in scope limitlessly. As it is yet to be fully explored by man, her seemingly strange behavior and speech can be explained away with a simple, ""Humanity simply isn't yet ready to understand.""

As a side note, despite how she may look, she is quite chi... young.

",2021-07-26 15:47:50.517
UCvInZx9h3jC2JzsIzoOebWg,Flare Ch. ä¸çŸ¥ç«ãƒ•ãƒ¬ã‚¢,https://yt3.ggpht.com/d9aIrGtZR0eI4k1Wnev5f_R4llIBsWnQOjkdsqkMycoAxA3g_zz-jyeBl8tEHfbm1iTg0SJj=s800-c-k-c0x00ffffff-no-rj,"ãƒ›ãƒ­ãƒ©ã‚¤ãƒ–ä¸‰æœŸç”Ÿã®ä¸çŸ¥ç«ãƒ•ãƒ¬ã‚¢ã ã‚ˆï¼
æ­Œã¨ã‚²ãƒ¼ãƒ å¤§å¥½ããªäººé–“ã¨ã‚¨ãƒ«ãƒ•ã®ãƒãƒ¼ãƒ•ã‚¨ãƒ«ãƒ•ï¼ˆãƒ€ãƒ¼ã‚¯ã‚¨ãƒ«ãƒ•ã§ã¯ãªã„ï¼‰ã ã‚ˆãƒ¼ï¼ã‚ˆã‚ã—ãã­ï¼

",2019-07-26 12:03:54
UCvaTdHTWBGv3MKj3KVqJVCw,Okayu Ch. çŒ«åˆãŠã‹ã‚†,https://yt3.ggpht.com/ytc/AKedOLTBrp9cAeaFT4Yq9DVne54QYANyrhNv8Kd6NR7N7w=s800-c-k-c0x00ffffff-no-rj,"ï¼¿

â€-â€-â€-â€-â€-â€-â€-â€-â€-â€-â€-â€-â€-â€-â€-â€-â€-â€-â€-â€-â€-â€-â€â€-â€-â€-â€-â€-â€-â€-â€-â€-â€-â€-â€-â€-â€-â€-â€-â€-â€-â€-â€-â€-â€-â€

ğŸˆçŒ«åˆãŠã‹ã‚† 60ä¸‡äººè¨˜å¿µãƒœã‚¤ã‚¹è²©å£²ä¸­ğŸˆ
â€£è²©å£²ãƒšãƒ¼ã‚¸ã¯ã“ã¡ã‚‰ã‹ã‚‰
https://hololive.booth.pm/items/2430975

â€-â€-â€-â€-â€-â€-â€-â€-â€-â€-â€-â€-â€-â€-â€-â€-â€-â€-â€-â€-â€-â€-â€â€-â€-â€-â€-â€-â€-â€-â€-â€-â€-â€-â€-â€-â€-â€-â€-â€-â€-â€-â€-â€-â€-â€

\ ğŸ™ãŠã«ãã‚Šã‚ƒãƒ¼å‘ã‘ãƒ¡ãƒ³ãƒãƒ¼ã‚·ãƒƒãƒ—ğŸ™ /

âãƒ¡ãƒ³ãƒãƒ¼ã«å…¥ã‚‹ã¨ã“ã‚“ãªæ„Ÿã˜ã®ç‰¹å…¸ãŒâœ¨
â€£åå‰ã®å¾Œã‚ã«ç¶™ç¶šæœŸé–“ã§ã‚°ãƒ¬ãƒ¼ãƒ‰ã‚¢ãƒƒãƒ—ã™ã‚‹ãƒãƒƒã‚¸ãŒï¼
â€£å°‚ç”¨ã®çµµæ–‡å­—ãŒä½¿ç”¨ã§ãã¾ã™ï¼ˆä¸å®šæœŸã§è¿½åŠ ï¼‰
â€£å¤§ä½“æœˆä¸€ã§ãƒ¡ãƒ³ãƒãƒ¼é™å®šé…ä¿¡(ãŠæ‚©ã¿ç›¸è«‡ ã‚»ãƒªãƒ•èª­ã¿)
â€£å£ç´™ã‚„ãƒœã‚¤ã‚¹ãŒä¸å®šæœŸæ›´æ–°ã•ã‚Œã¾ã™ï¼

ã€ç™»éŒ²æ–¹æ³•ã€‘
ãƒãƒ£ãƒ³ãƒãƒ«ç™»éŒ²ãƒœã‚¿ãƒ³ã®æ¨ªã«ã‚ã‚‹ã€Œãƒ¡ãƒ³ãƒãƒ¼ã«ãªã‚‹ã€ãƒœã‚¿ãƒ³ã‹ã‚‰ï¼
ã¾ãŸã¯ã‚³ãƒãƒ©ã®URLã‹ã‚‰ã©ã†ãâœ¨
https://www.youtube.com/channel/UCvaTdHTWBGv3MKj3KVqJVCw/join

â€-â€-â€-â€-â€-â€-â€-â€-â€-â€-â€-â€-â€-â€-â€-â€-â€-â€-â€-â€-â€-â€-â€â€-â€-â€-â€-â€-â€-â€-â€-â€-â€-â€-â€-â€-â€-â€-â€-â€-â€-â€-â€-â€-â€-â€

ğŸ™ Twitterï¼šhttps://twitter.com/nekomataokayu
ç”Ÿæ”¾é€é–¢é€£ã‚¿ã‚° #ç”ŸãŠã‹ã‚† ( é…ä¿¡çµ‚ã‚ã£ãŸã‚‰è¦‹ã¦ã«ã¾ã«ã¾ã—ã¦ã‚‹ )
ãƒ•ã‚¡ãƒ³ã‚¢ãƒ¼ãƒˆã‚¿ã‚° #çµµã‹ã‚† ( é…ä¿¡ã®ã‚µãƒ ãƒã‚¤ãƒ«ã¨ã—ã¦ä½¿ç”¨ã™ã‚‹å ´åˆãŒã‚‹ã‚ˆï¼ )
ãƒ•ã‚¡ãƒ³ãƒãƒ¼ãƒ  ãŠã«ãã‚Šã‚ƒãƒ¼ ğŸ™ä¸‰ğŸ™ä¸‰ğŸ™ä¸‰

â€-â€-â€-â€-â€-â€-â€-â€-â€-â€-â€-â€-â€-â€-â€-â€-â€-â€-â€-â€-â€-â€-â€â€-â€-â€-â€-â€-â€-â€-â€-â€-â€-â€-â€-â€-â€-â€-â€-â€-â€-â€-â€-â€-â€-â€
",2019-03-25 12:37:01
UCvzGlP9oQwU--Y0r9id_jnA,Subaru Ch. å¤§ç©ºã‚¹ãƒãƒ«,https://yt3.ggpht.com/ytc/AKedOLTvmlGMQcpO8IoSpj0iScUs0dPZHvNtj1C7ZQjHbg=s800-c-k-c0x00ffffff-no-rj,"ç·åˆæ ¼é—˜æŠ€éƒ¨ã¨e-sportséƒ¨ã®ãƒãƒãƒ¼ã‚¸ãƒ£ãƒ¼ã£ã™ï¼ã¿ã‚“ãªã®ãƒ•ã‚¡ã‚¤ãƒˆã®ãŠæ‰‹ä¼ã„ã™ã‚‹ãƒƒã‚¹!!ğŸŒŸ
ã€é–¢é€£ãƒ„ã‚¤ãƒ¼ãƒˆã€‘#å¤§ç©ºã‚¹ãƒãƒ« ã€çµµæ–‡å­—ã€‘ğŸš‘ã€ç”Ÿæ”¾é€ã‚¿ã‚°ã€‘#ç”Ÿã‚¹ãƒãƒ«ã€ã‚¢ãƒ¼ãƒˆã€‘#ãƒ—ãƒ­ãƒ†ã‚¤ãƒ³ã‚¶ã‚¹ãƒãƒ« ã€ï¾Œï½§ï¾ï¾ˆï½°ï¾‘ã€‘ã‚¹ã‚¿ãƒ³ãƒ‰ â€»ã“ã®ã‚¿ã‚°ã®ã‚¤ãƒ©ã‚¹ãƒˆã¯ä½¿ã‚ã›ã¦ã‚‚ã‚‰ã†äº‹ãŒã‚ã‚‹ã£ã™ï¼ 
å¤§å¥½ããªæ¯ã¡ã‚ƒã‚“!â†’@ui_shig",2018-08-22 07:29:15
UCyl1z3jo3XHR1riLFKG5UAg,Watson Amelia Ch. hololive-EN,https://yt3.ggpht.com/IhrkWQ9jdq0-NqX6tuMIkzia560fo_jTg9qWYy223eGIDu3ZcJPRkl1hgY2ZuxLTvRyAdjRd0w=s800-c-k-c0x00ffffff-no-rj,"She heard strange rumors surrounding Hololive online: talking foxes, magical squirrels, superhuman dogs, and more. Soon after beginning her investigation on Hololive, and just out of interest, she decided to become an idol herself! She loves to pass her time training her reflexes with FPS games, and challenging herself with puzzle games.
It's elementary, right?

For Inquiries
Cover Corp: http://cover-corp.com/
Official Twitter: https://twitter.com/hololive_En",2020-07-16 06:24:42.283